NM_REGIAO;NM_UF;CD_UF;SIGLA;CD_MUN;NM_MUN;AREA_TOT;AREA_INT;PERC_INT;LAT_SEDE;LNG_SEDE;SEDE_AL
NORTE;Rondônia;11;RO;1100015;Alta Floresta D'Oeste;7067,13;7067,13;100;-11,9342;-62,0041;true
NORTE;Rondônia;11;RO;1100023;Ariquemes;4426,57;4426,57;100;-9,912;-63,0338;true
NORTE;Rondônia;11;RO;1100031;Cabixi;1314,35;1314,35;100;-13,4945;-60,5429;true
NORTE;Rondônia;11;RO;1100049;501506818;3793;3793;100;-11,4356;-61,4512;true
NORTE;Rondônia;11;RO;1100056;Cerejeiras;2783,3;2783,3;100;-13,1886;-60,8203;true
NORTE;Rondônia;11;RO;1100064;Colorado do Oeste;1451,06;1451,06;100;-13,1212;-60,5437;true
NORTE;Rondônia;11;RO;1100072;Corumbiara;3060,32;3060,32;100;-12,9998;-60,9448;true
NORTE;Rondônia;11;RO;1100080;Costa Marques;4987,18;4987,18;100;-12,4384;-64,2292;true
NORTE;Rondônia;11;RO;1100098;Espigão D'Oeste;4518,04;4518,04;100;-11,5347;-61,0164;true
NORTE;Rondônia;11;RO;1100106;Guajará-Mirim;24856,88;24856,88;100;-10,7871;-65,3401;true
NORTE;Rondônia;11;RO;1100114;Jaru;2944,13;2944,13;100;-10,4323;-62,4721;true
NORTE;Rondônia;11;RO;1100122;Ji-Paraná;6896,65;6896,65;100;-10,8768;-61,9575;true
NORTE;Rondônia;11;RO;1100130;Machadinho D'Oeste;8509,27;8509,27;100;-9,4275;-62,0067;true
NORTE;Rondônia;11;RO;1100148;Nova Brasilândia D'Oeste;1703,01;1703,01;100;-11,7198;-62,3177;true
NORTE;Rondônia;11;RO;1100155;Ouro Preto do Oeste;1969,85;1969,85;100;-10,7215;-62,2572;true
NORTE;Rondônia;11;RO;1100189;Pimenta Bueno;6241,02;6241,02;100;-11,6707;-61,1888;true
NORTE;Rondônia;11;RO;1100205;Porto Velho;34090,95;34090,95;100;-8,7662;-63,9095;true
NORTE;Rondônia;11;RO;1100254;Presidente Médici;1758,47;1758,47;100;-11,1698;-61,9041;true
NORTE;Rondônia;11;RO;1100262;Rio Crespo;1717,64;1717,64;100;-9,705;-62,9008;true
NORTE;Rondônia;11;RO;1100288;Rolim de Moura;1457,81;1457,81;100;-11,72;-61,7732;true
NORTE;Rondônia;11;RO;1100296;Santa Luzia D'Oeste;1197,8;1197,8;100;-11,9079;-61,7846;true
NORTE;Rondônia;11;RO;1100304;Vilhena;11699,15;11699,15;100;-12,7351;-60,1348;true
NORTE;Rondônia;11;RO;1100320;São Miguel do Guaporé;7460,12;7460,12;100;-11,689;-62,7152;true
NORTE;Rondônia;11;RO;1100338;Nova Mamoré;10070,49;10070,49;100;-10,4172;-65,3329;true
NORTE;Rondônia;11;RO;1100346;Alvorada D'Oeste;3029,19;3029,19;100;-11,3547;-62,2845;true
NORTE;Rondônia;11;RO;1100379;Alto Alegre dos Parecis;3958,27;3958,27;100;-12,134;-61,8587;true
NORTE;Rondônia;11;RO;1100403;Alto Paraíso;2651,82;2651,82;100;-9,7201;-63,3185;true
NORTE;Rondônia;11;RO;1100452;Buritis;3265,81;3265,81;100;-10,2025;-63,8349;true
NORTE;Rondônia;11;RO;1100502;Novo Horizonte do Oeste;843,45;843,45;100;-11,7065;-62,0001;true
NORTE;Rondônia;11;RO;1100601;Cacaulândia;1961,78;1961,78;100;-10,3423;-62,9011;true
NORTE;Rondônia;11;RO;1100700;Campo Novo de Rondônia;3442,01;3442,01;100;-10,568;-63,6201;true
NORTE;Rondônia;11;RO;1100809;Candeias do Jamari;6843,87;6843,87;100;-8,7957;-63,7022;true
NORTE;Rondônia;11;RO;1100908;Castanheiras;892,84;892,84;100;-11,4282;-61,9495;true
NORTE;Rondônia;11;RO;1100924;Chupinguaia;5126,72;5126,72;100;-12,5514;-60,8997;true
NORTE;Rondônia;11;RO;1100940;Cujubim;3863,95;3863,95;100;-9,3682;-62,5826;true
NORTE;Rondônia;11;RO;1101005;Governador Jorge Teixeira;5067,38;5067,38;100;-10,6136;-62,7341;true
NORTE;Rondônia;11;RO;1101104;Itapuã do Oeste;4081,58;4081,58;100;-9,1872;-63,1883;true
NORTE;Rondônia;11;RO;1101203;Ministro Andreazza;798,08;798,08;100;-11,1969;-61,5177;true
NORTE;Rondônia;11;RO;1101302;Mirante da Serra;1191,88;1191,88;100;-11,0308;-62,6746;true
NORTE;Rondônia;11;RO;1101401;Monte Negro;1931,38;1931,38;100;-10,2625;-63,2977;true
NORTE;Rondônia;11;RO;1101435;Nova União;807,13;807,13;100;-10,9141;-62,5538;true
NORTE;Rondônia;11;RO;1101450;Parecis;2548,68;2548,68;100;-12,1796;-61,6043;true
NORTE;Rondônia;11;RO;1101468;Pimenteiras do Oeste;6014,73;6014,73;100;-13,4807;-61,042;true
NORTE;Rondônia;11;RO;1101476;Primavera de Rondônia;605,69;605,69;100;-11,8315;-61,3201;true
NORTE;Rondônia;11;RO;1101484;São Felipe D'Oeste;541,65;541,65;100;-11,9094;-61,5118;true
NORTE;Rondônia;11;RO;1101492;São Francisco do Guaporé;10959,77;10959,77;100;-12,0596;-63,5691;true
NORTE;Rondônia;11;RO;1101500;Seringueiras;3773,51;3773,51;100;-11,7714;-63,0369;true
NORTE;Rondônia;11;RO;1101559;Teixeirópolis;459,98;459,98;100;-10,9336;-62,2553;true
NORTE;Rondônia;11;RO;1101609;Theobroma;2197,41;2197,41;100;-10,2459;-62,3495;true
NORTE;Rondônia;11;RO;1101708;Urupá;831,86;831,86;100;-11,1215;-62,3756;true
NORTE;Rondônia;11;RO;1101757;Vale do Anari;3135,11;3135,11;100;-9,8558;-62,176;true
NORTE;Rondônia;11;RO;1101807;Vale do Paraíso;965,68;965,68;100;-10,4266;-62,1331;true
NORTE;Acre;12;AC;1200013;Acrelândia;1811,61;1811,61;100;-10,0774;-67,0503;true
NORTE;Acre;12;AC;1200054;Assis Brasil;4979,07;4979,07;100;-10,9401;-69,5672;true
NORTE;Acre;12;AC;1200104;Brasiléia;3928,17;3928,17;100;-11,0154;-68,75;true
NORTE;Acre;12;AC;1200138;Bujari;3034,87;3034,87;100;-9,8311;-67,9524;true
NORTE;Acre;12;AC;1200179;Capixaba;1705,82;1705,82;100;-10,5723;-67,6754;true
NORTE;Acre;12;AC;1200203;Cruzeiro do Sul;8783,47;8783,47;100;-7,6344;-72,6665;true
NORTE;Acre;12;AC;1200252;Epitaciolândia;1652,67;1652,67;100;-11,0285;-68,738;true
NORTE;Acre;12;AC;1200302;Feijó;27976,87;27976,87;100;-8,1657;-70,3545;true
NORTE;Acre;12;AC;1200328;Jordão;5357,23;5357,23;100;-9,1934;-71,9509;true
NORTE;Acre;12;AC;1200336;Mâncio Lima;5451,62;5451,62;100;-7,6079;-72,9063;true
NORTE;Acre;12;AC;1200344;Manoel Urbano;10630,6;10630,6;100;-8,8363;-69,2599;true
NORTE;Acre;12;AC;1200351;Marechal Thaumaturgo;8190,95;8190,95;100;-8,9493;-72,7859;true
NORTE;Acre;12;AC;1200385;Plácido de Castro;1952,56;1952,56;100;-10,3367;-67,1846;true
NORTE;Acre;12;AC;1200393;Porto Walter;6446,39;6446,39;100;-8,2665;-72,7424;true
NORTE;Acre;12;AC;1200401;Rio Branco;8835,15;8835,15;100;-9,9724;-67,8101;true
NORTE;Acre;12;AC;1200427;Rodrigues Alves;3076,34;3076,34;100;-7,7382;-72,6535;true
NORTE;Acre;12;AC;1200435;Santa Rosa do Purus;6155,86;6155,86;100;-9,4397;-70,489;true
NORTE;Acre;12;AC;1200450;Senador Guiomard;2320,17;2320,17;100;-10,1522;-67,7391;true
NORTE;Acre;12;AC;1200500;Sena Madureira;23759,51;23759,51;100;-9,0639;-68,6561;true
NORTE;Acre;12;AC;1200609;Tarauacá;20169,48;20169,49;100;-8,1599;-70,7646;true
NORTE;Acre;12;AC;1200708;Xapuri;5350,59;5350,59;100;-10,6527;-68,5049;true
NORTE;Acre;12;AC;1200807;Porto Acre;2604,42;2604,42;100;-9,5904;-67,5328;true
NORTE;Amazonas;13;AM;1300029;Alvarães;5923,46;5923,46;100;-3,2102;-64,8049;true
NORTE;Amazonas;13;AM;1300060;Amaturá;4754,11;4754,11;100;-3,3618;-68,2;true
NORTE;Amazonas;13;AM;1300086;Anamã;2446,12;2446,12;100;-3,5774;-61,4058;true
NORTE;Amazonas;13;AM;1300102;Anori;6036,38;6036,38;100;-3,7486;-61,66;true
NORTE;Amazonas;13;AM;1300144;Apuí;54240,55;54240,55;100;-7,2003;-59,8922;true
NORTE;Amazonas;13;AM;1300201;Atalaia do Norte;76435,09;76435,09;100;-4,3655;-70,1884;true
NORTE;Amazonas;13;AM;1300300;Autazes;7652,85;7652,85;100;-3,5811;-59,1306;true
NORTE;Amazonas;13;AM;1300409;Barcelos;122461,09;122461,09;100;-0,9692;-62,9264;true
NORTE;Amazonas;13;AM;1300508;Barreirinha;5751,77;5751,77;100;-2,794;-57,0717;true
NORTE;Amazonas;13;AM;1300607;Benjamin Constant;8695,39;8695,39;100;-4,3741;-70,0276;true
NORTE;Amazonas;13;AM;1300631;Beruri;17472,78;17472,78;100;-3,8967;-61,3745;true
NORTE;Amazonas;13;AM;1300680;Boa Vista do Ramos;2589,41;2589,41;100;-2,97;-57,5885;true
NORTE;Amazonas;13;AM;1300706;Boca do Acre;21938,58;21938,58;100;-8,752;-67,3996;true
NORTE;Amazonas;13;AM;1300805;Borba;44236,18;44236,18;100;-4,3876;-59,5913;true
NORTE;Amazonas;13;AM;1300839;Caapiranga;9455,54;9455,54;100;-3,3306;-61,2118;true
NORTE;Amazonas;13;AM;1300904;Canutama;33642,73;33642,73;100;-6,5351;-64,3882;true
NORTE;Amazonas;13;AM;1301001;Carauari;25778,66;25778,66;100;-4,8783;-66,8973;true
NORTE;Amazonas;13;AM;1301100;Careiro;6096,21;6096,21;100;-3,8239;-60,3627;true
NORTE;Amazonas;13;AM;1301159;Careiro da Várzea;2627,47;2627,47;100;-3,1984;-59,8253;true
NORTE;Amazonas;13;AM;1301209;Coari;57970,77;57970,77;100;-4,0856;-63,142;true
NORTE;Amazonas;13;AM;1301308;Codajás;18700,71;18700,71;100;-3,8406;-62,0603;true
NORTE;Amazonas;13;AM;1301407;Eirunepé;14966,24;14966,24;100;-6,6678;-69,865;true
NORTE;Amazonas;13;AM;1301506;Envira;7505,79;7505,79;100;-7,4378;-70,0285;true
NORTE;Amazonas;13;AM;1301605;Fonte Boa;12155,43;12155,43;100;-2,5122;-66,0982;true
NORTE;Amazonas;13;AM;1301654;Guajará;7583,53;7583,53;100;-7,5436;-72,5778;true
NORTE;Amazonas;13;AM;1301704;Humaitá;33111,15;33111,14;100;-7,5065;-63,0216;true
NORTE;Amazonas;13;AM;1301803;Ipixuna;12109,78;12109,78;100;-7,0521;-71,693;true
NORTE;Amazonas;13;AM;1301852;Iranduba;2216,82;2216,82;100;-3,2839;-60,1875;true
NORTE;Amazonas;13;AM;1301902;Itacoatiara;8891,91;8891,91;100;-3,146;-58,4474;true
NORTE;Amazonas;13;AM;1301951;Itamarati;25260,43;25260,43;100;-6,4404;-68,2447;true
NORTE;Amazonas;13;AM;1302009;Itapiranga;4335,08;4335,08;100;-2,7495;-58,022;true
NORTE;Amazonas;13;AM;1302108;Japurá;55827,2;55827,2;100;-1,8792;-66,998;true
NORTE;Amazonas;13;AM;1302207;Juruá;19442,55;19442,55;100;-3,4736;-66,0653;true
NORTE;Amazonas;13;AM;1302306;Jutaí;69457,41;69457,42;100;-2,7432;-66,7698;true
NORTE;Amazonas;13;AM;1302405;Lábrea;68262,68;68262,68;100;-7,2625;-64,7972;true
NORTE;Amazonas;13;AM;1302504;Manacapuru;7336,58;7336,58;100;-3,3005;-60,6213;true
NORTE;Amazonas;13;AM;1302553;Manaquiri;3973,26;3973,26;100;-3,4299;-60,4594;true
NORTE;Amazonas;13;AM;1302603;Manaus;11401,09;11401,09;100;-3,1362;-60,0255;true
NORTE;Amazonas;13;AM;1302702;Manicoré;48315,02;48315,02;100;-5,8131;-61,3002;true
NORTE;Amazonas;13;AM;1302801;Maraã;16830,83;16830,83;100;-1,8604;-65,5913;true
NORTE;Amazonas;13;AM;1302900;Maués;39991,07;39991,07;100;-3,3968;-57,721;true
NORTE;Amazonas;13;AM;1303007;Nhamundá;14107,04;14107,04;100;-2,186;-56,7794;true
NORTE;Amazonas;13;AM;1303106;Nova Olinda do Norte;5578,13;5578,13;100;-3,8845;-59,0889;true
NORTE;Amazonas;13;AM;1303205;Novo Airão;37776,77;37776,77;100;-2,6232;-60,9409;true
NORTE;Amazonas;13;AM;1303304;Novo Aripuanã;41179,66;41179,66;100;-5,1219;-60,3795;true
NORTE;Amazonas;13;AM;1303403;Parintins;5956,05;5956,05;100;-2,622;-56,7297;true
NORTE;Amazonas;13;AM;1303502;Pauini;41624,66;41624,66;100;-7,7161;-67,0022;true
NORTE;Amazonas;13;AM;1303536;Presidente Figueiredo;25459,1;25459,1;100;-2,0491;-60,0256;true
NORTE;Amazonas;13;AM;1303569;Rio Preto da Eva;5815,62;5815,62;100;-2,6987;-59,7016;true
NORTE;Amazonas;13;AM;1303601;Santa Isabel do Rio Negro;62800,08;62800,08;100;-0,4152;-65,0191;true
NORTE;Amazonas;13;AM;1303700;Santo Antônio do Içá;12366,14;12366,14;100;-3,1034;-67,9466;true
NORTE;Amazonas;13;AM;1303809;São Gabriel da Cachoeira;109181,24;109181,25;100;-0,1354;-67,0869;true
NORTE;Amazonas;13;AM;1303908;São Paulo de Olivença;19658,5;19658,5;100;-3,4635;-68,95;true
NORTE;Amazonas;13;AM;1303957;São Sebastião do Uatumã;10647,46;10647,46;100;-2,5717;-57,871;true
NORTE;Amazonas;13;AM;1304005;Silves;3723,38;3723,38;100;-2,8379;-58,2082;true
NORTE;Amazonas;13;AM;1304062;Tabatinga;3266,06;3266,06;100;-4,2289;-69,9429;true
NORTE;Amazonas;13;AM;1304104;Tapauá;84946,03;84946,04;100;-5,6204;-63,1885;true
NORTE;Amazonas;13;AM;1304203;Tefé;23692,22;23692,22;100;-3,3459;-64,707;true
NORTE;Amazonas;13;AM;1304237;Tonantins;6446,89;6446,89;100;-2,8608;-67,7734;true
NORTE;Amazonas;13;AM;1304260;Uarini;10274,68;10274,68;100;-2,9859;-65,1572;true
NORTE;Amazonas;13;AM;1304302;Urucará;27901,96;27901,96;100;-2,5375;-57,7586;true
NORTE;Amazonas;13;AM;1304401;Urucurituba;2886,49;2886,49;100;-3,128;-58,1571;true
NORTE;Roraima;14;RR;1400027;Amajari;28473,45;28473,45;100;3,655;-61,4165;true
NORTE;Roraima;14;RR;1400050;Alto Alegre;25454,3;25454,3;100;2,992;-61,3108;true
NORTE;Roraima;14;RR;1400100;Boa Vista;5687,04;5687,04;100;2,8207;-60,6725;true
NORTE;Roraima;14;RR;1400159;Bonfim;8079,91;8079,91;100;3,358;-59,8319;true
NORTE;Roraima;14;RR;1400175;Cantá;7664,83;7664,83;100;2,6102;-60,601;true
NORTE;Roraima;14;RR;1400209;Caracaraí;47379,9;47379,9;100;1,8269;-61,1255;true
NORTE;Roraima;14;RR;1400233;Caroebe;12065,9;12065,9;100;0,8763;-59,6981;true
NORTE;Roraima;14;RR;1400282;Iracema;14011,7;14011,7;100;2,1645;-61,0551;true
NORTE;Roraima;14;RR;1400308;Mucajaí;12337,85;12337,85;100;2,4436;-60,9175;true
NORTE;Roraima;14;RR;1400407;Normandia;6959,87;6959,87;100;3,8805;-59,6319;true
NORTE;Roraima;14;RR;1400456;Pacaraima;8025,05;8025,05;100;4,4832;-61,1392;true
NORTE;Roraima;14;RR;1400472;Rorainópolis;33579,74;33579,74;100;0,9476;-60,4248;true
NORTE;Roraima;14;RR;1400506;São João da Baliza;4284,51;4284,51;100;0,9484;-59,9141;true
NORTE;Roraima;14;RR;1400605;São Luiz;1526,9;1526,9;100;1,0166;-60,0446;true
NORTE;Roraima;14;RR;1400704;Uiramutã;8113,6;8113,6;100;4,5952;-60,1626;true
NORTE;Pará;15;PA;1500107;Abaetetuba;1610,65;1610,65;100;-1,725;-48,8893;true
NORTE;Pará;15;PA;1500131;Abel Figueiredo;614,13;614,13;100;-4,9497;-48,3969;true
NORTE;Pará;15;PA;1500206;Acará;4344,38;4344,38;100;-1,9612;-48,199;true
NORTE;Pará;15;PA;1500305;Afuá;8338,44;8338,44;100;-0,1608;-50,3936;true
NORTE;Pará;15;PA;1500347;Água Azul do Norte;7113,96;7113,96;100;-6,8031;-50,4874;true
NORTE;Pará;15;PA;1500404;Alenquer;23645,45;23645,45;100;-1,9529;-54,7368;true
NORTE;Pará;15;PA;1500503;Almeirim;72954,8;72954,8;100;-1,5321;-52,5767;true
NORTE;Pará;15;PA;1500602;Altamira;159533,31;159533,31;100;-3,2053;-52,206;true
NORTE;Pará;15;PA;1500701;Anajás;6913,64;6913,64;100;-0,9858;-49,9381;true
NORTE;Pará;15;PA;1500800;Ananindeua;190,58;190,58;100;-1,3665;-48,3727;true
NORTE;Pará;15;PA;1500859;Anapu;11895,27;11895,27;100;-3,4698;-51,2015;true
NORTE;Pará;15;PA;1500909;Augusto Corrêa;1099,62;1099,62;100;-1,0221;-46,635;true
NORTE;Pará;15;PA;1500958;Aurora do Pará;1811,84;1811,84;100;-2,1333;-47,5602;true
NORTE;Pará;15;PA;1501006;Aveiro;17074,05;17074,05;100;-3,6065;-55,3322;true
NORTE;Pará;15;PA;1501105;Bagre;4397,32;4397,32;100;-1,9013;-50,2103;true
NORTE;Pará;15;PA;1501204;Baião;3759,83;3759,83;100;-2,792;-49,6728;true
NORTE;Pará;15;PA;1501253;Bannach;2956,65;2956,65;100;-7,3494;-50,4071;true
NORTE;Pará;15;PA;1501303;Barcarena;1310,34;1310,34;100;-1,505;-48,6263;true
NORTE;Pará;15;PA;1501402;Belém;1059,47;1059,47;100;-1,4554;-48,5052;true
NORTE;Pará;15;PA;1501451;Belterra;4398,42;4398,42;100;-2,649;-54,9427;true
NORTE;Pará;15;PA;1501501;Benevides;187,83;187,83;100;-1,3614;-48,2433;true
NORTE;Pará;15;PA;1501576;Bom Jesus do Tocantins;2816,6;2816,6;100;-5,0486;-48,6007;true
NORTE;Pará;15;PA;1501600;Bonito;586,98;586,98;100;-1,3512;-47,3063;true
NORTE;Pará;15;PA;1501709;Bragança;2124,73;2124,73;100;-1,0554;-46,7656;true
NORTE;Pará;15;PA;1501725;Brasil Novo;6362,58;6362,58;100;-3,3022;-52,5387;true
NORTE;Pará;15;PA;1501758;Brejo Grande do Araguaia;1288,48;1288,48;100;-5,7019;-48,4034;true
NORTE;Pará;15;PA;1501782;Breu Branco;3941,9;3941,9;100;-3,7789;-49,5674;true
NORTE;Pará;15;PA;1501808;Breves;9566,57;9566,57;100;-1,6914;-50,4832;true
NORTE;Pará;15;PA;1501907;Bujaru;994,69;994,69;100;-1,515;-48,0463;true
NORTE;Pará;15;PA;1501956;Cachoeira do Piriá;2419,6;2419,6;100;-1,76;-46,5458;true
NORTE;Pará;15;PA;1502004;Cachoeira do Arari;3100,26;3100,26;100;-1,0094;-48,9613;true
NORTE;Pará;15;PA;1502103;Cametá;3081,37;3081,37;100;-2,2444;-49,4954;true
NORTE;Pará;15;PA;1502152;Canaã dos Carajás;3146,82;3146,82;100;-6,5321;-49,8512;true
NORTE;Pará;15;PA;1502202;Capanema;621,48;621,48;100;-1,1928;-47,1784;true
NORTE;Pará;15;PA;1502301;Capitão Poço;2901,03;2901,03;100;-1,7445;-47,0638;true
NORTE;Pará;15;PA;1502400;Castanhal;1029,3;1029,3;100;-1,2941;-47,9264;true
NORTE;Pará;15;PA;1502509;Chaves;12535;12535;100;-0,1644;-49,9816;true
NORTE;Pará;15;PA;1502608;Colares;384,07;384,07;100;-0,929;-48,2883;true
NORTE;Pará;15;PA;1502707;Conceição do Araguaia;5829,48;5829,48;100;-8,2609;-49,2614;true
NORTE;Pará;15;PA;1502756;Concórdia do Pará;700,59;700,59;100;-1,9933;-47,9448;true
NORTE;Pará;15;PA;1502764;Cumaru do Norte;17085;17085;100;-7,8122;-50,765;true
NORTE;Pará;15;PA;1502772;Curionópolis;2369,1;2369,1;100;-6,0995;-49,6059;true
NORTE;Pará;15;PA;1502806;Curralinho;3617,25;3617,25;100;-1,8148;-49,7981;true
NORTE;Pará;15;PA;1502855;Curuá;1431,13;1431,13;100;-1,8891;-55,1194;true
NORTE;Pará;15;PA;1502905;Curuçá;676,32;676,32;100;-0,7294;-47,8484;true
NORTE;Pará;15;PA;1502939;Dom Eliseu;5268,81;5268,81;100;-4,2895;-47,5519;true
NORTE;Pará;15;PA;1502954;Eldorado do Carajás;2956,69;2956,69;100;-6,1033;-49,3762;true
NORTE;Pará;15;PA;1503002;Faro;11771,67;11771,67;100;-2,1746;-56,7467;true
NORTE;Pará;15;PA;1503044;Floresta do Araguaia;3444,29;3444,29;100;-7,5635;-49,705;true
NORTE;Pará;15;PA;1503077;Garrafão do Norte;1608,01;1608,01;100;-1,925;-47,0529;true
NORTE;Pará;15;PA;1503093;Goianésia do Pará;7023,95;7023,95;100;-3,8389;-49,1002;true
NORTE;Pará;15;PA;1503101;Gurupá;8570,29;8570,29;100;-1,4049;-51,6437;true
NORTE;Pará;15;PA;1503200;Igarapé-Açu;785,98;785,98;100;-1,1288;-47,6213;true
NORTE;Pará;15;PA;1503309;Igarapé-Miri;1996,79;1996,79;100;-1,9851;-48,9631;true
NORTE;Pará;15;PA;1503408;Inhangapi;472,61;472,61;100;-1,4304;-47,9174;true
NORTE;Pará;15;PA;1503457;Ipixuna do Pará;5215,56;5215,56;100;-2,557;-47,4988;true
NORTE;Pará;15;PA;1503507;Irituia;1385,21;1385,21;100;-1,7705;-47,437;true
NORTE;Pará;15;PA;1503606;Itaituba;62042,47;62042,47;100;-4,2745;-55,9814;true
NORTE;Pará;15;PA;1503705;Itupiranga;7880,11;7880,11;100;-5,1346;-49,3319;true
NORTE;Pará;15;PA;1503754;Jacareacanga;53304,56;53304,56;100;-6,2237;-57,7585;true
NORTE;Pará;15;PA;1503804;Jacundá;2008,32;2008,32;100;-4,4474;-49,1129;true
NORTE;Pará;15;PA;1503903;Juruti;8305,45;8305,45;100;-2,1535;-56,0928;true
NORTE;Pará;15;PA;1504000;Limoeiro do Ajuru;1490,19;1490,19;100;-1,8939;-49,3814;true
NORTE;Pará;15;PA;1504059;Mãe do Rio;469,34;469,34;100;-2,0456;-47,5511;true
NORTE;Pará;15;PA;1504109;Magalhães Barata;323,98;323,98;100;-0,7943;-47,5983;true
NORTE;Pará;15;PA;1504208;Marabá;15128,06;15128,06;100;-5,3492;-49,1356;true
NORTE;Pará;15;PA;1504307;Maracanã;807,63;807,63;100;-0,7625;-47,4526;true
NORTE;Pará;15;PA;1504406;Marapanim;804,63;804,63;100;-0,7183;-47,6995;true
NORTE;Pará;15;PA;1504422;Marituba;103,21;103,21;100;-1,3659;-48,3432;true
NORTE;Pará;15;PA;1504455;Medicilândia;8272,63;8272,63;100;-3,444;-52,8918;true
NORTE;Pará;15;PA;1504505;Melgaço;6774,07;6774,07;100;-1,8034;-50,7175;true
NORTE;Pará;15;PA;1504604;Mocajuba;871,17;871,17;100;-2,5817;-49,51;true
NORTE;Pará;15;PA;1504703;Moju;9094,14;9094,14;100;-1,8832;-48,7683;true
NORTE;Pará;15;PA;1504752;Mojuí dos Campos;4988,24;4988,24;100;-2,6838;-54,6441;true
NORTE;Pará;15;PA;1504802;Monte Alegre;18152,56;18152,56;100;-2,0084;-54,0706;true
NORTE;Pará;15;PA;1504901;Muaná;3763,34;3763,34;100;-1,529;-49,2163;true
NORTE;Pará;15;PA;1504950;Nova Esperança do Piriá;2808,2;2808,2;100;-2,2686;-46,9678;true
NORTE;Pará;15;PA;1504976;Nova Ipixuna;1564,18;1564,18;100;-4,9211;-49,0749;true
NORTE;Pará;15;PA;1505007;Nova Timboteua;489,85;489,85;100;-1,2065;-47,3878;true
NORTE;Pará;15;PA;1505031;Novo Progresso;38162;38162;100;-7,0382;-55,4068;true
NORTE;Pará;15;PA;1505064;Novo Repartimento;15398,72;15398,72;100;-4,2507;-49,9493;true
NORTE;Pará;15;PA;1505106;Óbidos;28011,04;28011,04;100;-1,9182;-55,5168;true
NORTE;Pará;15;PA;1505205;Oeiras do Pará;3852,29;3852,29;100;-2,0047;-49,8551;true
NORTE;Pará;15;PA;1505304;Oriximiná;107613,84;107613,84;100;-1,7677;-55,8679;true
NORTE;Pará;15;PA;1505403;Ourém;561,71;561,71;100;-1,5522;-47,1148;true
NORTE;Pará;15;PA;1505437;Ourilândia do Norte;14410,57;14410,57;100;-6,7516;-51,0808;true
NORTE;Pará;15;PA;1505486;Pacajá;11832,32;11832,32;100;-3,8366;-50,6375;true
NORTE;Pará;15;PA;1505494;Palestina do Pará;984,36;984,36;100;-5,7449;-48,317;true
NORTE;Pará;15;PA;1505502;Paragominas;19342,56;19342,57;100;-2,9956;-47,3549;true
NORTE;Pará;15;PA;1505536;Parauapebas;6885,79;6885,79;100;-6,0665;-49,9055;true
NORTE;Pará;15;PA;1505551;Pau D'Arco;1671,42;1671,42;100;-7,8312;-50,039;true
NORTE;Pará;15;PA;1505601;Peixe-Boi;450,22;450,22;100;-1,193;-47,3138;true
NORTE;Pará;15;PA;1505635;Piçarra;3312,71;3312,71;100;-6,4492;-48,8661;true
NORTE;Pará;15;PA;1505650;Placas;7173,19;7173,19;100;-3,8685;-54,2172;true
NORTE;Pará;15;PA;1505700;Ponta de Pedras;3363,75;3363,75;100;-1,3925;-48,8724;true
NORTE;Pará;15;PA;1505809;Portel;25384,96;25384,96;100;-1,9367;-50,8128;true
NORTE;Pará;15;PA;1505908;Porto de Moz;17423,02;17423,02;100;-1,7536;-52,2405;true
NORTE;Pará;15;PA;1506005;Prainha;14786,95;14786,95;100;-1,8067;-53,4798;true
NORTE;Pará;15;PA;1506104;Primavera;258,6;258,6;100;-0,9409;-47,1165;true
NORTE;Pará;15;PA;1506112;Quatipuru;302,94;302,94;100;-0,896;-47,0043;true
NORTE;Pará;15;PA;1506138;Redenção;3823,81;3823,81;100;-8,041;-50,0387;true
NORTE;Pará;15;PA;1506161;Rio Maria;4114,63;4114,63;100;-7,3107;-50,0449;true
NORTE;Pará;15;PA;1506187;Rondon do Pará;8246,39;8246,39;100;-4,7748;-48,0663;true
NORTE;Pará;15;PA;1506195;Rurópolis;7021,32;7021,32;100;-4,0962;-54,9113;true
NORTE;Pará;15;PA;1506203;Salinópolis;226,12;226,12;100;-0,6147;-47,3576;true
NORTE;Pará;15;PA;1506302;Salvaterra;918,56;918,56;100;-0,7528;-48,5135;true
NORTE;Pará;15;PA;1506351;Santa Bárbara do Pará;278,15;278,15;100;-1,2241;-48,2986;true
NORTE;Pará;15;PA;1506401;Santa Cruz do Arari;1076,65;1076,65;100;-0,6641;-49,1728;true
NORTE;Pará;15;PA;1506500;Santa Izabel do Pará;717,66;717,66;100;-1,2997;-48,1622;true
NORTE;Pará;15;PA;1506559;Santa Luzia do Pará;1346,5;1346,5;100;-1,5245;-46,8982;true
NORTE;Pará;15;PA;1506583;Santa Maria das Barreiras;10330,21;10330,21;100;-8,872;-49,7137;true
NORTE;Pará;15;PA;1506609;Santa Maria do Pará;457,72;457,72;100;-1,3501;-47,576;true
NORTE;Pará;15;PA;1506708;Santana do Araguaia;11591,44;11591,44;100;-9,3346;-50,3432;true
NORTE;Pará;15;PA;1506807;Santarém;17898,39;17898,39;100;-2,4169;-54,7109;true
NORTE;Pará;15;PA;1506906;Santarém Novo;229,51;229,51;100;-0,9279;-47,4021;true
NORTE;Pará;15;PA;1507003;Santo Antônio do Tauá;537,62;537,62;100;-1,1518;-48,1297;true
NORTE;Pará;15;PA;1507102;São Caetano de Odivelas;464,17;464,17;100;-0,7476;-48,0194;true
NORTE;Pará;15;PA;1507151;São Domingos do Araguaia;1392,46;1392,46;100;-5,5535;-48,7297;true
NORTE;Pará;15;PA;1507201;São Domingos do Capim;1686,77;1686,77;100;-1,6746;-47,7756;true
NORTE;Pará;15;PA;1507300;São Félix do Xingu;84212,91;84212,9;100;-6,641;-51,9907;true
NORTE;Pará;15;PA;1507409;São Francisco do Pará;479,44;479,44;100;-1,1697;-47,7969;true
NORTE;Pará;15;PA;1507458;São Geraldo do Araguaia;3168,38;3168,38;100;-6,3954;-48,5672;true
NORTE;Pará;15;PA;1507466;São João da Ponta;195,92;195,92;100;-0,8494;-47,9211;true
NORTE;Pará;15;PA;1507474;São João de Pirabas;668,43;668,43;100;-0,7659;-47,1731;true
NORTE;Pará;15;PA;1507508;São João do Araguaia;1279,89;1279,89;100;-5,3565;-48,789;true
NORTE;Pará;15;PA;1507607;São Miguel do Guamá;1094,56;1094,56;100;-1,6266;-47,4849;true
NORTE;Pará;15;PA;1507706;São Sebastião da Boa Vista;1632,25;1632,25;100;-1,7184;-49,5326;true
NORTE;Pará;15;PA;1507755;Sapucaia;1298,19;1298,19;100;-6,9425;-49,6996;true
NORTE;Pará;15;PA;1507805;Senador José Porfírio;14419,92;14419,92;100;-2,5914;-51,9553;true
NORTE;Pará;15;PA;1507904;Soure;2857,35;2857,35;100;-0,7267;-48,5198;true
NORTE;Pará;15;PA;1507953;Tailândia;4430,48;4430,48;100;-2,9454;-48,9517;true
NORTE;Pará;15;PA;1507961;Terra Alta;204,97;204,97;100;-1,0393;-47,9072;true
NORTE;Pará;15;PA;1507979;Terra Santa;1895,88;1895,88;100;-2,1107;-56,4911;true
NORTE;Pará;15;PA;1508001;Tomé-Açu;5145,36;5145,36;100;-2,4211;-48,1509;true
NORTE;Pará;15;PA;1508035;Tracuateua;868,03;868,03;100;-1,0762;-46,9038;true
NORTE;Pará;15;PA;1508050;Trairão;11991,09;11991,09;100;-4,7004;-55,9956;true
NORTE;Pará;15;PA;1508084;Tucumã;2512,59;2512,59;100;-6,752;-51,1504;true
NORTE;Pará;15;PA;1508100;Tucuruí;2084,29;2084,29;100;-3,7671;-49,6704;true
NORTE;Pará;15;PA;1508126;Ulianópolis;5088,47;5088,47;100;-3,7568;-47,5018;true
NORTE;Pará;15;PA;1508159;Uruará;10791,41;10791,41;100;-3,7163;-53,7391;true
NORTE;Pará;15;PA;1508209;Vigia;401,59;401,59;100;-0,8518;-48,1444;true
NORTE;Pará;15;PA;1508308;Viseu;4972,9;4972,9;100;-1,2086;-46,1374;true
NORTE;Pará;15;PA;1508357;Vitória do Xingu;3089,54;3089,54;100;-2,8833;-52,0127;true
NORTE;Pará;15;PA;1508407;Xinguara;3779,35;3779,35;100;-7,1059;-49,9445;true
NORTE;Amapá;16;AP;1600055;Serra do Navio;7713,05;7713,05;100;0,9011;-52,0029;true
NORTE;Amapá;16;AP;1600105;Amapá;8454,85;8454,85;100;2,0522;-50,7907;true
NORTE;Amapá;16;AP;1600154;Pedra Branca do Amapari;9622,29;9622,29;100;0,7773;-51,953;true
NORTE;Amapá;16;AP;1600204;Calçoene;14117,3;14117,3;100;2,4925;-50,9506;true
NORTE;Amapá;16;AP;1600212;Cutias;2179,11;2179,11;100;0,9709;-50,8006;true
NORTE;Amapá;16;AP;1600238;Ferreira Gomes;4973,86;4973,86;100;0,8592;-51,1806;true
NORTE;Amapá;16;AP;1600253;Itaubal;1622,87;1622,87;100;0,603;-50,6997;true
NORTE;Amapá;16;AP;1600279;Laranjal do Jari;30783;30783;100;-0,8416;-52,5203;true
NORTE;Amapá;16;AP;1600303;Macapá;6563,85;6563,85;100;0,0368;-51,0517;true
NORTE;Amapá;16;AP;1600402;Mazagão;13294,78;13294,78;100;-0,1155;-51,2852;true
NORTE;Amapá;16;AP;1600501;Oiapoque;23034,39;23034,39;100;3,8471;-51,8368;true
NORTE;Amapá;16;AP;1600535;Porto Grande;4428,01;4428,01;100;0,7056;-51,4093;true
NORTE;Amapá;16;AP;1600550;Pracuúba;4948,51;4948,51;100;1,7436;-50,7859;true
NORTE;Amapá;16;AP;1600600;Santana;1541,22;1541,22;100;-0,042;-51,1745;true
NORTE;Amapá;16;AP;1600709;Tartarugalzinho;6684,71;6684,71;100;1,5056;-50,9119;true
NORTE;Amapá;16;AP;1600808;Vitória do Jari;2508,98;2508,98;100;-0,9298;-52,428;true
NORTE;Tocantins;17;TO;1700251;Abreulândia;1906,3;1906,3;100;-9,6242;-49,1542;true
NORTE;Tocantins;17;TO;1700301;Aguiarnópolis;236,79;236,79;100;-6,5568;-47,4792;true
NORTE;Tocantins;17;TO;1700350;Aliança do Tocantins;1581;1581;100;-11,307;-48,937;true
NORTE;Tocantins;17;TO;1700400;Almas;4007,15;4007,15;100;-11,5702;-47,1696;true
NORTE;Tocantins;17;TO;1700707;Alvorada;1207,2;1207,2;100;-12,4801;-49,1254;true
NORTE;Tocantins;17;TO;1701002;Ananás;1581,06;1581,06;100;-6,3741;-48,0701;true
NORTE;Tocantins;17;TO;1701051;Angico;447,55;447,55;100;-6,3899;-47,8649;true
NORTE;Tocantins;17;TO;1701101;Aparecida do Rio Negro;1159,03;1159,03;100;-9,9502;-47,9733;true
NORTE;Tocantins;17;TO;1701309;Aragominas;1168,21;1168,21;100;-7,1665;-48,5257;true
NORTE;Tocantins;17;TO;1701903;Araguacema;2774,51;2774,51;100;-8,8063;-49,5573;true
NORTE;Tocantins;17;TO;1702000;Araguaçu;5155,22;5155,22;100;-12,9312;-49,8271;true
NORTE;Tocantins;17;TO;1702109;Araguaína;4004,65;4004,65;100;-7,1898;-48,2099;true
NORTE;Tocantins;17;TO;1702158;Araguanã;834,83;834,83;100;-6,5724;-48,6408;true
NORTE;Tocantins;17;TO;1702208;Araguatins;2633,28;2633,28;100;-5,6493;-48,1231;true
NORTE;Tocantins;17;TO;1702307;Arapoema;1558,14;1558,14;100;-7,6578;-49,0645;true
NORTE;Tocantins;17;TO;1702406;Arraias;5803,09;5803,09;100;-12,932;-46,9374;true
NORTE;Tocantins;17;TO;1702554;Augustinópolis;388,81;388,81;100;-5,4687;-47,8836;true
NORTE;Tocantins;17;TO;1702703;Aurora do Tocantins;696,19;696,19;100;-12,712;-46,4091;true
NORTE;Tocantins;17;TO;1702901;Axixá do Tocantins;153,54;153,54;100;-5,6173;-47,7714;true
NORTE;Tocantins;17;TO;1703008;Babaçulândia;1790,3;1790,3;100;-7,2029;-47,7595;true
NORTE;Tocantins;17;TO;1703057;Bandeirantes do Tocantins;1540,54;1540,54;100;-7,7624;-48,5767;true
NORTE;Tocantins;17;TO;1703073;Barra do Ouro;1105,84;1105,84;100;-7,7131;-47,6747;true
NORTE;Tocantins;17;TO;1703107;Barrolândia;697,76;697,76;100;-9,8347;-48,724;true
NORTE;Tocantins;17;TO;1703206;Bernardo Sayão;924,05;924,05;100;-7,879;-48,8927;true
NORTE;Tocantins;17;TO;1703305;Bom Jesus do Tocantins;1326,95;1326,95;100;-8,9656;-48,1638;true
NORTE;Tocantins;17;TO;1703602;Brasilândia do Tocantins;645,91;645,91;100;-8,3895;-48,4828;true
NORTE;Tocantins;17;TO;1703701;Brejinho de Nazaré;1722,59;1722,59;100;-11,0136;-48,5644;true
NORTE;Tocantins;17;TO;1703800;Buriti do Tocantins;252,73;252,73;100;-5,3165;-48,2263;true
NORTE;Tocantins;17;TO;1703826;Cachoeirinha;351,54;351,54;100;-6,1149;-47,9175;true
NORTE;Tocantins;17;TO;1703842;Campos Lindos;3234,45;3234,45;100;-7,9683;-46,8054;true
NORTE;Tocantins;17;TO;1703867;Cariri do Tocantins;1126,29;1126,29;100;-11,8887;-49,1612;true
NORTE;Tocantins;17;TO;1703883;Carmolândia;339,37;339,37;100;-7,0333;-48,3964;true
NORTE;Tocantins;17;TO;1703891;Carrasco Bonito;190,35;190,35;100;-5,3212;-48,0363;true
NORTE;Tocantins;17;TO;1703909;Caseara;1680,01;1680,01;100;-9,2732;-49,9576;true
NORTE;Tocantins;17;TO;1704105;Centenário;1953,13;1953,13;100;-8,9573;-47,3349;true
NORTE;Tocantins;17;TO;1704600;Chapada de Areia;658,56;658,56;100;-10,1423;-49,1783;true
NORTE;Tocantins;17;TO;1705102;Chapada da Natividade;1640,83;1640,83;100;-11,6176;-47,7508;true
NORTE;Tocantins;17;TO;1705508;Colinas do Tocantins;842,49;842,49;100;-8,0558;-48,4835;true
NORTE;Tocantins;17;TO;1705557;Combinado;208,79;208,79;100;-12,8178;-46,5486;true
NORTE;Tocantins;17;TO;1705607;Conceição do Tocantins;2530,65;2530,65;100;-12,2183;-47,2968;true
NORTE;Tocantins;17;TO;1706001;Couto Magalhães;1584,2;1584,2;100;-8,3601;-49,1789;true
NORTE;Tocantins;17;TO;1706100;Cristalândia;1850,75;1850,75;100;-10,6024;-49,1918;true
NORTE;Tocantins;17;TO;1706258;Crixás do Tocantins;983,77;983,77;100;-11,1049;-48,919;true
NORTE;Tocantins;17;TO;1706506;Darcinópolis;1641,77;1641,77;100;-6,709;-47,7535;true
NORTE;Tocantins;17;TO;1707009;Dianópolis;3318,09;3318,09;100;-11,6263;-46,8198;true
NORTE;Tocantins;17;TO;1707108;Divinópolis do Tocantins;2358,28;2358,28;100;-9,8028;-49,216;true
NORTE;Tocantins;17;TO;1707207;Dois Irmãos do Tocantins;3747,65;3747,65;100;-9,2559;-49,0655;true
NORTE;Tocantins;17;TO;1707306;Dueré;3420,66;3420,66;100;-11,3432;-49,2692;true
NORTE;Tocantins;17;TO;1707405;Esperantina;506,18;506,18;100;-5,3653;-48,539;true
NORTE;Tocantins;17;TO;1707553;Fátima;380,37;380,37;100;-10,7554;-48,9036;true
NORTE;Tocantins;17;TO;1707652;Figueirópolis;1935,71;1935,71;100;-12,1418;-49,1701;true
NORTE;Tocantins;17;TO;1707702;Filadélfia;1991,26;1991,26;100;-7,3368;-47,4897;true
NORTE;Tocantins;17;TO;1708205;Formoso do Araguaia;13431,86;13431,86;100;-11,8014;-49,5294;true
NORTE;Tocantins;17;TO;1708254;Tabocão;624,46;624,46;100;-9,0557;-48,5268;true
NORTE;Tocantins;17;TO;1708304;Goianorte;1797,23;1797,23;100;-8,7725;-48,9322;true
NORTE;Tocantins;17;TO;1709005;Goiatins;6414,85;6414,85;100;-7,7117;-47,3156;true
NORTE;Tocantins;17;TO;1709302;Guaraí;2275,56;2275,56;100;-8,8366;-48,511;true
NORTE;Tocantins;17;TO;1709500;Gurupi;1844,16;1844,16;100;-11,7267;-49,0633;true
NORTE;Tocantins;17;TO;1709807;Ipueiras;821,15;821,15;100;-11,2402;-48,4444;true
NORTE;Tocantins;17;TO;1710508;Itacajá;3047,2;3047,2;100;-8,3935;-47,7696;true
NORTE;Tocantins;17;TO;1710706;Itaguatins;730,16;730,16;100;-5,7747;-47,4785;true
NORTE;Tocantins;17;TO;1710904;Itapiratins;1246,35;1246,35;100;-8,3847;-48,1085;true
NORTE;Tocantins;17;TO;1711100;Itaporã do Tocantins;969,79;969,79;100;-8,5728;-48,69;true
NORTE;Tocantins;17;TO;1711506;Jaú do Tocantins;2167,2;2167,2;100;-12,6518;-48,5941;true
NORTE;Tocantins;17;TO;1711803;Juarina;483,45;483,45;100;-8,1192;-49,0973;true
NORTE;Tocantins;17;TO;1711902;Lagoa da Confusão;10563,18;10563,18;100;-10,7936;-49,6248;true
NORTE;Tocantins;17;TO;1711951;Lagoa do Tocantins;917,63;917,63;100;-10,2967;-47,5642;true
NORTE;Tocantins;17;TO;1712009;Lajeado;318,29;318,29;100;-9,7536;-48,3552;true
NORTE;Tocantins;17;TO;1712157;Lavandeira;468,01;468,01;100;-12,7905;-46,5072;true
NORTE;Tocantins;17;TO;1712405;Lizarda;5716,64;5716,64;100;-9,5956;-46,6751;true
NORTE;Tocantins;17;TO;1712454;Luzinópolis;281,54;281,54;100;-6,1903;-47,8581;true
NORTE;Tocantins;17;TO;1712504;Marianópolis do Tocantins;2089,58;2089,58;100;-9,7993;-49,6563;true
NORTE;Tocantins;17;TO;1712702;Mateiros;9589,27;9589,27;100;-10,546;-46,4182;true
NORTE;Tocantins;17;TO;1712801;Maurilândia do Tocantins;736,3;736,3;100;-5,9523;-47,5086;true
NORTE;Tocantins;17;TO;1713205;Miracema do Tocantins;2663,75;2663,75;100;-9,5681;-48,3921;true
NORTE;Tocantins;17;TO;1713304;Miranorte;1033,3;1033,3;100;-9,524;-48,5898;true
NORTE;Tocantins;17;TO;1713601;Monte do Carmo;3601,21;3601,21;100;-10,7636;-48,1102;true
NORTE;Tocantins;17;TO;1713700;Monte Santo do Tocantins;1072,92;1072,92;100;-10,0069;-48,9925;true
NORTE;Tocantins;17;TO;1713809;Palmeiras do Tocantins;743,41;743,41;100;-6,6131;-47,5461;true
NORTE;Tocantins;17;TO;1713957;Muricilândia;1194,37;1194,37;100;-7,1415;-48,6062;true
NORTE;Tocantins;17;TO;1714203;Natividade;3241,67;3241,67;100;-11,7054;-47,7273;true
NORTE;Tocantins;17;TO;1714302;Nazaré;396;396;100;-6,3727;-47,665;true
NORTE;Tocantins;17;TO;1714880;Nova Olinda;1567,83;1567,83;100;-7,6322;-48,4258;true
NORTE;Tocantins;17;TO;1715002;Nova Rosalândia;514,79;514,79;100;-10,5683;-48,9116;true
NORTE;Tocantins;17;TO;1715101;Novo Acordo;2678,26;2678,26;100;-9,967;-47,6764;true
NORTE;Tocantins;17;TO;1715150;Novo Alegre;200,41;200,41;100;-12,9152;-46,5742;true
NORTE;Tocantins;17;TO;1715259;Novo Jardim;1213,89;1213,89;100;-11,8226;-46,6266;true
NORTE;Tocantins;17;TO;1715507;Oliveira de Fátima;209,29;209,29;100;-10,7093;-48,9058;true
NORTE;Tocantins;17;TO;1715705;Palmeirante;2638,47;2638,47;100;-7,858;-47,9253;true
NORTE;Tocantins;17;TO;1715754;Palmeirópolis;1708,98;1708,98;100;-13,0421;-48,4082;true
NORTE;Tocantins;17;TO;1716109;Paraíso do Tocantins;1292,27;1292,27;100;-10,1779;-48,8865;true
NORTE;Tocantins;17;TO;1716208;Paranã;11217,37;11217,37;100;-12,6148;-47,8821;true
NORTE;Tocantins;17;TO;1716307;Pau D'Arco;1375,55;1375,55;100;-7,5424;-49,3689;true
NORTE;Tocantins;17;TO;1716505;Pedro Afonso;2019,56;2019,56;100;-8,9722;-48,1769;true
NORTE;Tocantins;17;TO;1716604;Peixe;5303,61;5303,61;100;-12,038;-48,54;true
NORTE;Tocantins;17;TO;1716653;Pequizeiro;1206,12;1206,12;100;-8,5941;-48,9342;true
NORTE;Tocantins;17;TO;1716703;Colméia;992,22;992,22;100;-8,7298;-48,7612;true
NORTE;Tocantins;17;TO;1717008;Pindorama do Tocantins;1560,55;1560,55;100;-11,1382;-47,5776;true
NORTE;Tocantins;17;TO;1717206;Piraquê;1363,41;1363,41;100;-6,769;-48,294;true
NORTE;Tocantins;17;TO;1717503;Pium;10003,55;10003,55;100;-10,4431;-49,1798;true
NORTE;Tocantins;17;TO;1717800;Ponte Alta do Bom Jesus;1718,79;1718,79;100;-12,0902;-46,4805;true
NORTE;Tocantins;17;TO;1717909;Ponte Alta do Tocantins;6542,84;6542,84;100;-10,7465;-47,5388;true
NORTE;Tocantins;17;TO;1718006;Porto Alegre do Tocantins;506,72;506,72;100;-11,6071;-47,0496;true
NORTE;Tocantins;17;TO;1718204;Porto Nacional;4434,68;4434,68;100;-10,7073;-48,413;true
NORTE;Tocantins;17;TO;1718303;Praia Norte;301;301;100;-5,3954;-47,8107;true
NORTE;Tocantins;17;TO;1718402;Presidente Kennedy;771,72;771,72;100;-8,5341;-48,5063;true
NORTE;Tocantins;17;TO;1718451;Pugmil;401,17;401,17;100;-10,4273;-48,8959;true
NORTE;Tocantins;17;TO;1718501;Recursolândia;2215,67;2215,67;100;-8,7362;-47,2417;true
NORTE;Tocantins;17;TO;1718550;Riachinho;512,16;512,16;100;-6,4437;-48,1388;true
NORTE;Tocantins;17;TO;1718659;Rio da Conceição;845,82;845,82;100;-11,4001;-46,8841;true
NORTE;Tocantins;17;TO;1718709;Rio dos Bois;847,26;847,26;100;-9,3447;-48,5352;true
NORTE;Tocantins;17;TO;1718758;Rio Sono;6346,28;6346,28;100;-9,3481;-47,8993;true
NORTE;Tocantins;17;TO;1718808;Sampaio;222,44;222,44;100;-5,3524;-47,878;true
NORTE;Tocantins;17;TO;1718840;Sandolândia;3535,14;3535,14;100;-12,5396;-49,9281;true
NORTE;Tocantins;17;TO;1718865;Santa Fé do Araguaia;1671,24;1671,24;100;-7,1527;-48,6942;true
NORTE;Tocantins;17;TO;1718881;Santa Maria do Tocantins;1412,32;1412,32;100;-8,7737;-47,7481;true
NORTE;Tocantins;17;TO;1718899;Santa Rita do Tocantins;3281,22;3281,22;100;-10,8646;-48,9079;true
NORTE;Tocantins;17;TO;1718907;Santa Rosa do Tocantins;1804,69;1804,69;100;-11,4447;-48,1173;true
NORTE;Tocantins;17;TO;1719004;Santa Tereza do Tocantins;539,51;539,51;100;-10,2816;-47,81;true
NORTE;Tocantins;17;TO;1720002;Santa Terezinha do Tocantins;274,1;274,1;100;-6,4346;-47,6731;true
NORTE;Tocantins;17;TO;1720101;São Bento do Tocantins;1099,58;1099,58;100;-6,0263;-47,9241;true
NORTE;Tocantins;17;TO;1720150;São Félix do Tocantins;1913,11;1913,11;100;-10,1697;-46,6595;true
NORTE;Tocantins;17;TO;1720200;São Miguel do Tocantins;406,96;406,96;100;-5,5533;-47,5781;true
NORTE;Tocantins;17;TO;1720259;São Salvador do Tocantins;1424,75;1424,75;100;-12,7496;-48,2385;true
NORTE;Tocantins;17;TO;1720309;São Sebastião do Tocantins;289,6;289,6;100;-5,2583;-48,201;true
NORTE;Tocantins;17;TO;1720499;São Valério;2520,47;2520,47;100;-11,9684;-48,2326;true
NORTE;Tocantins;17;TO;1720655;Silvanópolis;1258,77;1258,77;100;-11,1537;-48,1706;true
NORTE;Tocantins;17;TO;1720804;Sítio Novo do Tocantins;307,1;307,1;100;-5,602;-47,6375;true
NORTE;Tocantins;17;TO;1720853;Sucupira;1018,22;1018,22;100;-11,9868;-48,9089;true
NORTE;Tocantins;17;TO;1720903;Taguatinga;2341,92;2341,92;100;-12,4043;-46,4377;true
NORTE;Tocantins;17;TO;1720937;Taipas do Tocantins;1105,3;1105,3;100;-12,1905;-46,9926;true
NORTE;Tocantins;17;TO;1720978;Talismã;2155,5;2155,5;100;-12,795;-49,0922;true
NORTE;Tocantins;17;TO;1721000;Palmas;2227,33;2227,33;100;-10,1845;-48,3337;true
NORTE;Tocantins;17;TO;1721109;Tocantínia;2609,78;2609,78;100;-9,5644;-48,377;true
NORTE;Tocantins;17;TO;1721208;Tocantinópolis;1083,6;1083,6;100;-6,3301;-47,4167;true
NORTE;Tocantins;17;TO;1721257;Tupirama;706,88;706,88;100;-8,9755;-48,1909;true
NORTE;Tocantins;17;TO;1721307;Tupiratins;889,13;889,13;100;-8,3993;-48,1301;true
NORTE;Tocantins;17;TO;1722081;Wanderlândia;1365,43;1365,43;100;-6,8517;-47,9626;true
NORTE;Tocantins;17;TO;1722107;Xambioá;1190,49;1190,49;100;-6,4114;-48,537;true
NORDESTE;Maranhão;21;MA;2100055;Açailândia;5805,16;5805,16;100;-4,9521;-47,5013;true
NORDESTE;Maranhão;21;MA;2100204;Alcântara;1167,96;1167,96;100;-2,4069;-44,4152;true
NORDESTE;Maranhão;21;MA;2100402;Altamira do Maranhão;524,37;524,37;100;-4,1669;-45,4646;true
NORDESTE;Maranhão;21;MA;2100436;Alto Alegre do Maranhão;392,75;392,75;100;-4,2154;-44,4549;true
NORDESTE;Maranhão;21;MA;2100477;Alto Alegre do Pindaré;1875,9;1875,9;100;-3,6684;-45,8452;true
NORDESTE;Maranhão;21;MA;2100501;Alto Parnaíba;11127,38;11127,38;100;-9,1084;-45,9315;true
NORDESTE;Maranhão;21;MA;2100550;Amapá do Maranhão;502,4;502,4;100;-1,6765;-46,0109;true
NORDESTE;Maranhão;21;MA;2100600;Amarante do Maranhão;7439,62;7439,62;100;-5,569;-46,7471;true
NORDESTE;Maranhão;21;MA;2100709;Anajatuba;942,57;942,57;100;-3,265;-44,6178;true
NORDESTE;Maranhão;21;MA;2100832;Apicum-Açu;341,12;341,12;100;-1,5217;-45,079;true
NORDESTE;Maranhão;21;MA;2100873;Araguanã;805,19;805,19;100;-2,949;-45,6688;true
NORDESTE;Maranhão;21;MA;2100956;Arame;2976,04;2976,04;100;-4,8846;-46,0109;true
NORDESTE;Maranhão;21;MA;2101004;Arari;1100,28;1100,28;100;-3,4522;-44,7792;true
NORDESTE;Maranhão;21;MA;2101103;Axixá;160,46;160,46;100;-2,8381;-44,0519;true
NORDESTE;Maranhão;21;MA;2101202;Bacabal;1656,74;1656,74;100;-4,2294;-44,7755;true
NORDESTE;Maranhão;21;MA;2101251;Bacabeira;542,96;542,96;100;-2,9786;-44,3162;true
NORDESTE;Maranhão;21;MA;2101301;Bacuri;850,49;850,49;100;-1,7284;-45,1414;true
NORDESTE;Maranhão;21;MA;2101350;Bacurituba;413,65;413,65;100;-2,7085;-44,7358;true
NORDESTE;Maranhão;21;MA;2101400;Balsas;13141,16;13141,16;100;-7,5331;-46,0402;true
NORDESTE;Maranhão;21;MA;2101608;Barra do Corda;5187,67;5187,67;100;-5,5082;-45,2464;true
NORDESTE;Maranhão;21;MA;2101772;Bela Vista do Maranhão;147,95;147,95;100;-3,7391;-45,2517;true
NORDESTE;Maranhão;21;MA;2101806;Benedito Leite;1784,64;1784,64;100;-7,2248;-44,5581;true
NORDESTE;Maranhão;21;MA;2101905;Bequimão;790,22;790,22;100;-2,448;-44,7875;true
NORDESTE;Maranhão;21;MA;2101939;Bernardo do Mearim;247,19;247,19;100;-4,6279;-44,7609;true
NORDESTE;Maranhão;21;MA;2101970;Boa Vista do Gurupi;400,35;400,35;100;-1,7944;-46,3075;true
NORDESTE;Maranhão;21;MA;2102002;Bom Jardim;6588,38;6588,38;100;-3,5426;-45,612;true
NORDESTE;Maranhão;21;MA;2102036;Bom Jesus das Selvas;2676,98;2676,98;100;-4,4837;-46,8548;true
NORDESTE;Maranhão;21;MA;2102077;Bom Lugar;445,17;445,17;100;-4,3706;-45,0349;true
NORDESTE;Maranhão;21;MA;2102150;Brejo de Areia;986,04;986,04;100;-4,3349;-45,5807;true
NORDESTE;Maranhão;21;MA;2102309;Buriti Bravo;1582,55;95,69;6;-5,8381;-43,8343;false
NORDESTE;Maranhão;21;MA;2102325;Buriticupu;2544,86;2544,86;100;-4,3118;-46,4661;true
NORDESTE;Maranhão;21;MA;2102358;Buritirana;820,97;820,97;100;-5,592;-47,0182;true
NORDESTE;Maranhão;21;MA;2102374;Cachoeira Grande;865,04;165,07;19,1;-2,9277;-44,0613;true
NORDESTE;Maranhão;21;MA;2102408;Cajapió;545,24;545,24;100;-2,8817;-44,6749;true
NORDESTE;Maranhão;21;MA;2102507;Cajari;662,07;662,07;100;-3,321;-45,0104;true
NORDESTE;Maranhão;21;MA;2102556;Campestre do Maranhão;613,53;613,53;100;-6,1705;-47,3612;true
NORDESTE;Maranhão;21;MA;2102606;Cândido Mendes;1634,86;1634,86;100;-1,4555;-45,7282;true
NORDESTE;Maranhão;21;MA;2102705;Cantanhede;773,01;773,01;100;-3,6339;-44,3769;true
NORDESTE;Maranhão;21;MA;2102754;Capinzal do Norte;590,27;590,27;100;-4,7304;-44,3265;true
NORDESTE;Maranhão;21;MA;2102804;Carolina;6267,68;6267,68;100;-7,3346;-47,4704;true
NORDESTE;Maranhão;21;MA;2102903;Carutapera;1260,98;1260,98;100;-1,2025;-46,0208;true
NORDESTE;Maranhão;21;MA;2103109;Cedral;285,21;285,21;100;-1,9982;-44,5348;true
NORDESTE;Maranhão;21;MA;2103125;Central do Maranhão;319,54;319,54;100;-2,2003;-44,8285;true
NORDESTE;Maranhão;21;MA;2103158;Centro do Guilherme;1167,85;1167,85;100;-2,4481;-46,0359;true
NORDESTE;Maranhão;21;MA;2103174;Centro Novo do Maranhão;8401;8401;100;-2,1399;-46,1245;true
NORDESTE;Maranhão;21;MA;2103257;Cidelândia;1462,81;1462,81;100;-5,1757;-47,7816;true
NORDESTE;Maranhão;21;MA;2103307;Codó;4361,61;1367,38;31,4;-4,4529;-43,8876;false
NORDESTE;Maranhão;21;MA;2103505;Colinas;1978,7;1723,43;87,1;-6,0256;-44,2497;true
NORDESTE;Maranhão;21;MA;2103554;Conceição do Lago-Açu;725,66;725,66;100;-3,8383;-44,8993;true
NORDESTE;Maranhão;21;MA;2103604;Coroatá;2263,69;2033,26;89,8;-4,1283;-44,1276;true
NORDESTE;Maranhão;21;MA;2103703;Cururupu;1257,61;1257,61;100;-1,8232;-44,8754;true
NORDESTE;Maranhão;21;MA;2103752;Davinópolis;332,25;332,25;100;-5,5304;-47,3917;true
NORDESTE;Maranhão;21;MA;2103802;Dom Pedro;358,49;358,49;100;-5,0399;-44,4385;true
NORDESTE;Maranhão;21;MA;2104008;Esperantinópolis;452,41;452,41;100;-4,8784;-44,8814;true
NORDESTE;Maranhão;21;MA;2104057;Estreito;2720,27;2720,27;100;-6,5596;-47,4393;true
NORDESTE;Maranhão;21;MA;2104073;Feira Nova do Maranhão;1625,82;1625,82;100;-6,9622;-46,6849;true
NORDESTE;Maranhão;21;MA;2104081;Fernando Falcão;5086,59;5086,59;100;-6,1517;-44,9012;true
NORDESTE;Maranhão;21;MA;2104099;Formosa da Serra Negra;3690,61;3690,61;100;-6,4429;-46,1914;true
NORDESTE;Maranhão;21;MA;2104107;Fortaleza dos Nogueiras;1853,41;1853,41;100;-6,9604;-46,181;true
NORDESTE;Maranhão;21;MA;2104206;Fortuna;695,02;419,52;60,4;-5,7367;-44,1609;true
NORDESTE;Maranhão;21;MA;2104305;Godofredo Viana;720,13;720,13;100;-1,4148;-45,7734;true
NORDESTE;Maranhão;21;MA;2104404;Gonçalves Dias;883,59;846,1;95,8;-5,1554;-44,3004;true
NORDESTE;Maranhão;21;MA;2104503;Governador Archer;445,86;445,86;100;-5,0231;-44,2697;true
NORDESTE;Maranhão;21;MA;2104552;Governador Edison Lobão;615,96;615,96;100;-5,7481;-47,3636;true
NORDESTE;Maranhão;21;MA;2104602;Governador Eugênio Barros;816,99;531,87;65,1;-5,325;-44,2457;true
NORDESTE;Maranhão;21;MA;2104628;Governador Luiz Rocha;373,17;344,45;92,3;-5,4702;-44,0705;true
NORDESTE;Maranhão;21;MA;2104651;Governador Newton Bello;1144,15;1144,15;100;-3,4297;-45,6745;true
NORDESTE;Maranhão;21;MA;2104677;Governador Nunes Freire;1037,13;1037,13;100;-2,1303;-45,8871;true
NORDESTE;Maranhão;21;MA;2104701;Graça Aranha;271,45;271,45;100;-5,4092;-44,3307;true
NORDESTE;Maranhão;21;MA;2104800;Grajaú;8861,72;8861,72;100;-5,8169;-46,1433;true
NORDESTE;Maranhão;21;MA;2104909;Guimarães;478,86;478,86;100;-2,1339;-44,6012;true
NORDESTE;Maranhão;21;MA;2105104;Icatu;1124,45;114,3;10,2;-2,7762;-44,0656;true
NORDESTE;Maranhão;21;MA;2105153;Igarapé do Meio;368,69;368,69;100;-3,6429;-45,1892;true
NORDESTE;Maranhão;21;MA;2105203;Igarapé Grande;346,22;346,22;100;-4,6636;-44,8582;true
NORDESTE;Maranhão;21;MA;2105302;Imperatriz;1369,04;1369,04;100;-5,5273;-47,4901;true
NORDESTE;Maranhão;21;MA;2105351;Itaipava do Grajaú;1244,4;1244,4;100;-5,1436;-45,7889;true
NORDESTE;Maranhão;21;MA;2105401;Itapecuru Mirim;1478,56;1478,56;100;-3,3933;-44,3578;true
NORDESTE;Maranhão;21;MA;2105427;Itinga do Maranhão;3583,42;3583,42;100;-4,4482;-47,5247;true
NORDESTE;Maranhão;21;MA;2105450;Jatobá;591,62;591,62;100;-5,8184;-44,2303;true
NORDESTE;Maranhão;21;MA;2105476;Jenipapo dos Vieiras;1962,36;1962,36;100;-5,364;-45,6326;true
NORDESTE;Maranhão;21;MA;2105500;João Lisboa;1137,1;1137,1;100;-5,4491;-47,4009;true
NORDESTE;Maranhão;21;MA;2105609;Joselândia;703,08;703,08;100;-4,9836;-44,7003;true
NORDESTE;Maranhão;21;MA;2105658;Junco do Maranhão;568,5;568,5;100;-1,8785;-46,0725;true
NORDESTE;Maranhão;21;MA;2105708;Lago da Pedra;1240,44;1240,44;100;-4,5667;-45,1272;true
NORDESTE;Maranhão;21;MA;2105807;Lago do Junco;328,53;328,53;100;-4,6067;-45,0524;true
NORDESTE;Maranhão;21;MA;2105906;Lago Verde;631,46;631,46;100;-4,0406;-44,9375;true
NORDESTE;Maranhão;21;MA;2105948;Lago dos Rodrigues;220,78;220,78;100;-4,6133;-44,984;true
NORDESTE;Maranhão;21;MA;2105963;Lagoa Grande do Maranhão;744,2;744,2;100;-4,9921;-45,3854;true
NORDESTE;Maranhão;21;MA;2105989;Lajeado Novo;1063,62;1063,62;100;-6,1909;-47,0387;true
NORDESTE;Maranhão;21;MA;2106003;Lima Campos;321,93;321,93;100;-4,5178;-44,4643;true
NORDESTE;Maranhão;21;MA;2106102;Loreto;3597,23;3597,23;100;-7,0859;-45,1406;true
NORDESTE;Maranhão;21;MA;2106201;Luís Domingues;472,3;472,3;100;-1,3289;-45,8972;true
NORDESTE;Maranhão;21;MA;2106326;Maracaçumé;635,76;635,76;100;-2,0424;-45,964;true
NORDESTE;Maranhão;21;MA;2106359;Marajá do Sena;1402,59;1402,59;100;-4,6216;-45,4526;true
NORDESTE;Maranhão;21;MA;2106375;Maranhãozinho;760,95;760,95;100;-2,2418;-45,8577;true
NORDESTE;Maranhão;21;MA;2106508;Matinha;410,63;410,63;100;-3,0993;-45,0318;true
NORDESTE;Maranhão;21;MA;2106631;Matões do Norte;794,45;794,45;100;-3,6311;-44,5517;true
NORDESTE;Maranhão;21;MA;2106706;Mirador;8522,35;8522,35;100;-6,372;-44,3608;true
NORDESTE;Maranhão;21;MA;2106755;Miranda do Norte;341,11;341,11;100;-3,5622;-44,5856;true
NORDESTE;Maranhão;21;MA;2106805;Mirinzal;686,94;686,94;100;-2,0651;-44,7829;true
NORDESTE;Maranhão;21;MA;2106904;Monção;1245,55;1245,55;100;-3,4899;-45,2529;true
NORDESTE;Maranhão;21;MA;2107001;Montes Altos;1488,51;1488,51;100;-5,8322;-47,0667;true
NORDESTE;Maranhão;21;MA;2107100;Morros;1712,12;80,08;4,7;-2,8658;-44,042;true
NORDESTE;Maranhão;21;MA;2107258;Nova Colinas;743,09;743,09;100;-7,1189;-46,2582;true
NORDESTE;Maranhão;21;MA;2107308;Nova Iorque;978,34;554,16;56,6;-6,7361;-44,0461;true
NORDESTE;Maranhão;21;MA;2107357;Nova Olinda do Maranhão;2452,62;2452,62;100;-2,807;-45,7027;true
NORDESTE;Maranhão;21;MA;2107407;Olho d'Água das Cunhãs;695,33;695,33;100;-4,1402;-45,1185;true
NORDESTE;Maranhão;21;MA;2107456;Olinda Nova do Maranhão;199,88;199,88;100;-2,999;-44,9967;true
NORDESTE;Maranhão;21;MA;2107506;Paço do Lumiar;127,19;127,19;100;-2,5324;-44,108;true
NORDESTE;Maranhão;21;MA;2107605;Palmeirândia;532,16;532,16;100;-2,6458;-44,8952;true
NORDESTE;Maranhão;21;MA;2107704;Paraibano;530,52;70,63;13,3;-6,4334;-43,9839;false
NORDESTE;Maranhão;21;MA;2108009;Pastos Bons;1635,18;1425,27;87,2;-6,5942;-44,0803;true
NORDESTE;Maranhão;21;MA;2108108;Paulo Ramos;1168,61;1168,61;100;-4,4449;-45,2404;true
NORDESTE;Maranhão;21;MA;2108207;Pedreiras;262,07;262,07;100;-4,5701;-44,6034;true
NORDESTE;Maranhão;21;MA;2108256;Pedro do Rosário;1753,87;1753,87;100;-2,9678;-45,3464;true
NORDESTE;Maranhão;21;MA;2108306;Penalva;800,92;800,92;100;-3,294;-45,1734;true
NORDESTE;Maranhão;21;MA;2108405;Peri Mirim;397,99;397,99;100;-2,5743;-44,8508;true
NORDESTE;Maranhão;21;MA;2108454;Peritoró;824,73;824,73;100;-4,3781;-44,3394;true
NORDESTE;Maranhão;21;MA;2108504;Pindaré-Mirim;268,29;268,29;100;-3,6069;-45,3414;true
NORDESTE;Maranhão;21;MA;2108603;Pinheiro;1512,97;1512,97;100;-2,5227;-45,0839;true
NORDESTE;Maranhão;21;MA;2108702;Pio XII;545,14;545,14;100;-3,8926;-45,1673;true
NORDESTE;Maranhão;21;MA;2108801;Pirapemas;688,76;687,93;99,9;-3,7291;-44,2249;true
NORDESTE;Maranhão;21;MA;2108900;Poção de Pedras;990,42;990,42;100;-4,7526;-44,9448;true
NORDESTE;Maranhão;21;MA;2109007;Porto Franco;1420,51;1420,51;100;-6,3384;-47,4073;true
NORDESTE;Maranhão;21;MA;2109056;Porto Rico do Maranhão;244,98;244,98;100;-1,8601;-44,5882;true
NORDESTE;Maranhão;21;MA;2109106;Presidente Dutra;771,57;771,57;100;-5,284;-44,4914;true
NORDESTE;Maranhão;21;MA;2109205;Presidente Juscelino;355,57;351,53;98,9;-2,9262;-44,0642;true
NORDESTE;Maranhão;21;MA;2109239;Presidente Médici;437,69;437,69;100;-2,3778;-45,8203;true
NORDESTE;Maranhão;21;MA;2109270;Presidente Sarney;726,17;726,17;100;-2,5939;-45,3646;true
NORDESTE;Maranhão;21;MA;2109304;Presidente Vargas;330,77;146,26;44,2;-3,4081;-44,0286;true
NORDESTE;Maranhão;21;MA;2109452;Raposa;79,21;79,21;100;-2,4258;-44,1009;true
NORDESTE;Maranhão;21;MA;2109502;Riachão;6402,83;6402,83;100;-7,36;-46,6237;true
NORDESTE;Maranhão;21;MA;2109551;Ribamar Fiquene;733,46;733,46;100;-5,9308;-47,3887;true
NORDESTE;Maranhão;21;MA;2109601;Rosário;648;648;100;-2,9373;-44,245;true
NORDESTE;Maranhão;21;MA;2109700;Sambaíba;2476,13;2476,13;100;-7,1404;-45,3464;true
NORDESTE;Maranhão;21;MA;2109759;Santa Filomena do Maranhão;623,21;623,21;100;-5,4952;-44,5557;true
NORDESTE;Maranhão;21;MA;2109809;Santa Helena;2191,17;2191,17;100;-2,2345;-45,3052;true
NORDESTE;Maranhão;21;MA;2109908;Santa Inês;786,69;786,69;100;-3,6664;-45,3825;true
NORDESTE;Maranhão;21;MA;2110005;Santa Luzia;4837,17;4837,17;100;-3,9694;-45,6611;true
NORDESTE;Maranhão;21;MA;2110039;Santa Luzia do Paruá;1010,48;1010,48;100;-2,5418;-45,7756;true
NORDESTE;Maranhão;21;MA;2110203;Santa Rita;756,8;756,8;100;-3,1414;-44,326;true
NORDESTE;Maranhão;21;MA;2110302;Santo Antônio dos Lopes;770,92;770,92;100;-4,869;-44,3586;true
NORDESTE;Maranhão;21;MA;2110500;São Bento;457;457;100;-2,6991;-44,8281;true
NORDESTE;Maranhão;21;MA;2110658;São Domingos do Azeitão;961,25;961,25;100;-6,8125;-44,6444;true
NORDESTE;Maranhão;21;MA;2110708;São Domingos do Maranhão;1151,98;1151,98;100;-5,5789;-44,3847;true
NORDESTE;Maranhão;21;MA;2110807;São Félix de Balsas;2032,6;2032,6;100;-7,0837;-44,8117;true
NORDESTE;Maranhão;21;MA;2110856;São Francisco do Brejão;745,36;745,36;100;-5,1253;-47,3896;true
NORDESTE;Maranhão;21;MA;2111003;São João Batista;649,96;649,96;100;-2,9597;-44,7951;true
NORDESTE;Maranhão;21;MA;2111029;São João do Carú;910,07;910,07;100;-3,5608;-46,2549;true
NORDESTE;Maranhão;21;MA;2111052;São João do Paraíso;2052,33;2052,33;100;-6,4673;-47,0544;true
NORDESTE;Maranhão;21;MA;2111078;São João do Soter;1438,07;1,21;0,1;-5,1141;-43,8102;false
NORDESTE;Maranhão;21;MA;2111201;São José de Ribamar;180,36;180,36;100;-2,562;-44,0554;true
NORDESTE;Maranhão;21;MA;2111250;São José dos Basílios;353,72;353,72;100;-5,0529;-44,5861;true
NORDESTE;Maranhão;21;MA;2111300;São Luís;583,06;583,06;100;-2,5319;-44,2979;true
NORDESTE;Maranhão;21;MA;2111409;São Luís Gonzaga do Maranhão;909,16;909,16;100;-4,378;-44,6718;true
NORDESTE;Maranhão;21;MA;2111508;São Mateus do Maranhão;800,05;800,05;100;-4,0393;-44,4699;true
NORDESTE;Maranhão;21;MA;2111532;São Pedro da Água Branca;720,46;720,46;100;-5,0808;-48,4258;true
NORDESTE;Maranhão;21;MA;2111573;São Pedro dos Crentes;979,92;979,92;100;-6,8272;-46,5312;true
NORDESTE;Maranhão;21;MA;2111607;São Raimundo das Mangabeiras;3524,5;3524,5;100;-7,0274;-45,4822;true
NORDESTE;Maranhão;21;MA;2111631;São Raimundo do Doca Bezerra;419,55;419,55;100;-5,1019;-45,0855;true
NORDESTE;Maranhão;21;MA;2111672;São Roberto;226,81;226,81;100;-5,0229;-44,9933;true
NORDESTE;Maranhão;21;MA;2111706;São Vicente Ferrer;393,93;393,93;100;-2,8902;-44,8778;true
NORDESTE;Maranhão;21;MA;2111722;Satubinha;441,81;441,81;100;-4,0343;-45,2409;true
NORDESTE;Maranhão;21;MA;2111748;Senador Alexandre Costa;426,44;195,99;46;-5,2571;-44,0556;true
NORDESTE;Maranhão;21;MA;2111763;Senador La Rocque;738,19;738,19;100;-5,4427;-47,2924;true
NORDESTE;Maranhão;21;MA;2111789;Serrano do Maranhão;1165,32;1165,32;100;-1,8519;-45,1121;true
NORDESTE;Maranhão;21;MA;2111805;Sítio Novo;3114,68;3114,68;100;-5,8774;-46,7008;true
NORDESTE;Maranhão;21;MA;2111904;Sucupira do Norte;1074,44;1074,44;100;-6,4787;-44,1916;true
NORDESTE;Maranhão;21;MA;2112001;Tasso Fragoso;4369,16;4369,16;100;-8,4709;-45,746;true
NORDESTE;Maranhão;21;MA;2112100;Timbiras;1486,58;81,79;5,5;-4,2553;-43,9391;false
NORDESTE;Maranhão;21;MA;2112233;Trizidela do Vale;291,61;291,61;100;-4,5692;-44,6279;true
NORDESTE;Maranhão;21;MA;2112274;Tufilândia;270,93;270,93;100;-3,6749;-45,6332;true
NORDESTE;Maranhão;21;MA;2112308;Tuntum;3369,12;3369,12;100;-5,2575;-44,6476;true
NORDESTE;Maranhão;21;MA;2112407;Turiaçu;2622,28;2622,28;100;-1,6703;-45,3697;true
NORDESTE;Maranhão;21;MA;2112456;Turilândia;1507,62;1507,62;100;-2,2288;-45,3068;true
NORDESTE;Maranhão;21;MA;2112704;Vargem Grande;1958,7;180,86;9,2;-3,5422;-43,9178;false
NORDESTE;Maranhão;21;MA;2112803;Viana;1166,75;1166,75;100;-3,2183;-45,0026;true
NORDESTE;Maranhão;21;MA;2112852;Vila Nova dos Martírios;1190,01;1190,01;100;-5,1856;-48,1361;true
NORDESTE;Maranhão;21;MA;2112902;Vitória do Mearim;716,72;716,72;100;-3,4615;-44,874;true
NORDESTE;Maranhão;21;MA;2113009;Vitorino Freire;1193,39;1193,39;100;-4,2926;-45,246;true
NORDESTE;Maranhão;21;MA;2114007;Zé Doca;2140,11;2140,11;100;-3,2759;-45,6538;true
CENTRO-OESTE;Mato Grosso;51;MT;5100102;Acorizal;850,76;850,76;100;-15,2023;-56,3657;true
CENTRO-OESTE;Mato Grosso;51;MT;5100201;Água Boa;7549,23;7549,23;100;-14,057;-52,1618;true
CENTRO-OESTE;Mato Grosso;51;MT;5100250;Alta Floresta;8956;8956;100;-9,8766;-56,0855;true
CENTRO-OESTE;Mato Grosso;51;MT;5100300;Alto Araguaia;5391,6;5391,6;100;-17,3156;-53,2202;true
CENTRO-OESTE;Mato Grosso;51;MT;5100359;Alto Boa Vista;2248,41;2248,41;100;-11,6767;-51,3793;true
CENTRO-OESTE;Mato Grosso;51;MT;5100409;Alto Garças;3864,15;3864,15;100;-16,9432;-53,5315;true
CENTRO-OESTE;Mato Grosso;51;MT;5100508;Alto Paraguai;1847,35;1847,35;100;-14,5129;-56,4826;true
CENTRO-OESTE;Mato Grosso;51;MT;5100607;Alto Taquari;1436,58;1436,58;100;-17,8347;-53,282;true
CENTRO-OESTE;Mato Grosso;51;MT;5100805;Apiacás;20489,02;20489,02;100;-9,5634;-57,3937;true
CENTRO-OESTE;Mato Grosso;51;MT;5101001;Araguaiana;6626,79;6626,79;100;-15,7347;-51,8316;true
CENTRO-OESTE;Mato Grosso;51;MT;5101209;Araguainha;678,53;678,53;100;-16,856;-53,0337;true
CENTRO-OESTE;Mato Grosso;51;MT;5101258;Araputanga;1639,73;1639,73;100;-15,4718;-58,3487;true
CENTRO-OESTE;Mato Grosso;51;MT;5101308;Arenápolis;417,34;417,34;100;-14,4602;-56,8437;true
CENTRO-OESTE;Mato Grosso;51;MT;5101407;Aripuanã;24678,14;24678,14;100;-10,1748;-59,449;true
CENTRO-OESTE;Mato Grosso;51;MT;5101605;Barão de Melgaço;11374,87;11374,87;100;-16,1949;-55,968;true
CENTRO-OESTE;Mato Grosso;51;MT;5101704;Barra do Bugres;5976,86;5976,86;100;-15,0645;-57,1786;true
CENTRO-OESTE;Mato Grosso;51;MT;5101803;Barra do Garças;8713,67;8713,67;100;-15,8941;-52,2649;true
CENTRO-OESTE;Mato Grosso;51;MT;5101852;Bom Jesus do Araguaia;4266,64;4266,64;100;-12,1788;-51,5047;true
CENTRO-OESTE;Mato Grosso;51;MT;5101902;Brasnorte;15968,36;15968,36;100;-12,1211;-58,0037;true
CENTRO-OESTE;Mato Grosso;51;MT;5102504;Cáceres;24538,59;24538,59;100;-16,0648;-57,6867;true
CENTRO-OESTE;Mato Grosso;51;MT;5102603;Campinápolis;6251,04;6251,04;100;-14,5441;-52,7976;true
CENTRO-OESTE;Mato Grosso;51;MT;5102637;Campo Novo do Parecis;9427,24;9427,24;100;-13,6601;-57,89;true
CENTRO-OESTE;Mato Grosso;51;MT;5102678;Campo Verde;5660,17;5660,17;100;-15,5483;-55,1693;true
CENTRO-OESTE;Mato Grosso;51;MT;5102686;Campos de Júlio;6792,81;6792,81;100;-13,7119;-59,2619;true
CENTRO-OESTE;Mato Grosso;51;MT;5102694;Canabrava do Norte;3449,04;3449,04;100;-11,0508;-51,8253;true
CENTRO-OESTE;Mato Grosso;51;MT;5102702;Canarana;10855,18;10855,18;100;-13,5559;-52,2714;true
CENTRO-OESTE;Mato Grosso;51;MT;5102793;Carlinda;2421,79;2421,79;100;-9,9707;-55,827;true
CENTRO-OESTE;Mato Grosso;51;MT;5102850;Castanheira;3713,47;3713,47;100;-11,1394;-58,6131;true
CENTRO-OESTE;Mato Grosso;51;MT;5103007;Chapada dos Guimarães;5925,08;5925,08;100;-15,459;-55,7473;true
CENTRO-OESTE;Mato Grosso;51;MT;5103056;Cláudia;3843,56;3843,56;100;-11,5046;-54,8746;true
CENTRO-OESTE;Mato Grosso;51;MT;5103106;Cocalinho;16317,05;16317,05;100;-14,394;-51,0035;true
CENTRO-OESTE;Mato Grosso;51;MT;5103205;Colíder;3112,09;3112,09;100;-10,8053;-55,4564;true
CENTRO-OESTE;Mato Grosso;51;MT;5103254;Colniza;27960,24;27960,24;100;-9,4557;-59,2211;true
CENTRO-OESTE;Mato Grosso;51;MT;5103304;Comodoro;21484,98;21484,98;100;-13,6606;-59,7902;true
CENTRO-OESTE;Mato Grosso;51;MT;5103353;Confresa;5802,31;5802,31;100;-10,6473;-51,569;true
CENTRO-OESTE;Mato Grosso;51;MT;5103361;Conquista D'Oeste;2684,68;2684,68;100;-14,5375;-59,544;true
CENTRO-OESTE;Mato Grosso;51;MT;5103379;Cotriguaçu;9469,96;9469,96;100;-9,9028;-58,5653;true
CENTRO-OESTE;Mato Grosso;51;MT;5103403;Cuiabá;3291,7;3291,7;100;-15,6006;-56,1004;true
CENTRO-OESTE;Mato Grosso;51;MT;5103437;Curvelândia;357,13;357,13;100;-15,6104;-57,9194;true
CENTRO-OESTE;Mato Grosso;51;MT;5103452;Denise;1273,18;1273,18;100;-14,7262;-57,0529;true
CENTRO-OESTE;Mato Grosso;51;MT;5103502;Diamantino;8263,4;8263,4;100;-14,4101;-56,4476;true
CENTRO-OESTE;Mato Grosso;51;MT;5103601;Dom Aquino;2214,51;2214,51;100;-15,8094;-54,9203;true
CENTRO-OESTE;Mato Grosso;51;MT;5103700;Feliz Natal;11661,51;11661,51;100;-12,3887;-54,936;true
CENTRO-OESTE;Mato Grosso;51;MT;5103809;Figueirópolis D'Oeste;891,45;891,45;100;-15,4461;-58,7375;true
CENTRO-OESTE;Mato Grosso;51;MT;5103858;Gaúcha do Norte;16908,38;16908,38;100;-13,1854;-53,2577;true
CENTRO-OESTE;Mato Grosso;51;MT;5103908;General Carneiro;3690,59;3690,59;100;-15,7113;-52,7557;true
CENTRO-OESTE;Mato Grosso;51;MT;5103957;Glória D'Oeste;833,13;833,13;100;-15,7695;-58,3106;true
CENTRO-OESTE;Mato Grosso;51;MT;5104104;Guarantã do Norte;4725,28;4725,28;100;-9,9489;-54,9071;true
CENTRO-OESTE;Mato Grosso;51;MT;5104203;Guiratinga;5032,75;5032,75;100;-16,3457;-53,7593;true
CENTRO-OESTE;Mato Grosso;51;MT;5104500;Indiavaí;592,5;592,5;100;-15,4939;-58,577;true
CENTRO-OESTE;Mato Grosso;51;MT;5104526;Ipiranga do Norte;3422,02;3422,02;100;-12,2407;-56,1468;true
CENTRO-OESTE;Mato Grosso;51;MT;5104542;Itanhangá;2909,75;2909,75;100;-12,2331;-56,6452;true
CENTRO-OESTE;Mato Grosso;51;MT;5104559;Itaúba;4517,91;4517,91;100;-11,0072;-55,2424;true
CENTRO-OESTE;Mato Grosso;51;MT;5104609;Itiquira;8698,81;8698,81;100;-17,2078;-54,144;true
CENTRO-OESTE;Mato Grosso;51;MT;5104807;Jaciara;2395,37;2395,37;100;-15,9648;-54,9642;true
CENTRO-OESTE;Mato Grosso;51;MT;5104906;Jangada;1297,26;1297,26;100;-15,2327;-56,4923;true
CENTRO-OESTE;Mato Grosso;51;MT;5105002;Jauru;1345,41;1345,41;100;-15,3393;-58,8701;true
CENTRO-OESTE;Mato Grosso;51;MT;5105101;Juara;22632,71;22632,71;100;-11,2504;-57,5131;true
CENTRO-OESTE;Mato Grosso;51;MT;5105150;Juína;26397,17;26397,17;100;-11,4233;-58,7571;true
CENTRO-OESTE;Mato Grosso;51;MT;5105176;Juruena;3207,84;3207,84;100;-10,3242;-58,4946;true
CENTRO-OESTE;Mato Grosso;51;MT;5105200;Juscimeira;2717,59;2717,59;100;-16,054;-54,8907;true
CENTRO-OESTE;Mato Grosso;51;MT;5105234;Lambari D'Oeste;1810,55;1810,55;100;-15,3169;-58,0066;true
CENTRO-OESTE;Mato Grosso;51;MT;5105259;Lucas do Rio Verde;3674,6;3674,6;100;-13,0921;-55,9248;true
CENTRO-OESTE;Mato Grosso;51;MT;5105309;Luciara;4282,73;4282,73;100;-11,2214;-50,6673;true
CENTRO-OESTE;Mato Grosso;51;MT;5105507;Vila Bela da Santíssima Trindade;13443,68;13443,68;100;-15,0061;-59,9506;true
CENTRO-OESTE;Mato Grosso;51;MT;5105580;Marcelândia;12286,12;12286,12;100;-11,0841;-54,5234;true
CENTRO-OESTE;Mato Grosso;51;MT;5105606;Matupá;5228,27;5228,27;100;-10,1793;-54,9347;true
CENTRO-OESTE;Mato Grosso;51;MT;5105622;Mirassol d'Oeste;1085,37;1085,37;100;-15,6751;-58,0988;true
CENTRO-OESTE;Mato Grosso;51;MT;5105903;Nobres;3895,17;3895,17;100;-14,7264;-56,3425;true
CENTRO-OESTE;Mato Grosso;51;MT;5106000;Nortelândia;1336,75;1336,75;100;-14,4536;-56,804;true
CENTRO-OESTE;Mato Grosso;51;MT;5106109;Nossa Senhora do Livramento;5537,41;5537,41;100;-15,7746;-56,3466;true
CENTRO-OESTE;Mato Grosso;51;MT;5106158;Nova Bandeirantes;9556,66;9556,66;100;-9,8593;-57,8043;true
CENTRO-OESTE;Mato Grosso;51;MT;5106174;Nova Nazaré;4034,62;4034,62;100;-13,9905;-51,7994;true
CENTRO-OESTE;Mato Grosso;51;MT;5106182;Nova Lacerda;4780,41;4780,41;100;-14,4775;-59,5863;true
CENTRO-OESTE;Mato Grosso;51;MT;5106190;Nova Santa Helena;2385,82;2385,82;100;-10,8489;-55,1771;true
CENTRO-OESTE;Mato Grosso;51;MT;5106208;Nova Brasilândia;3832,04;3832,04;100;-14,9321;-54,9747;true
CENTRO-OESTE;Mato Grosso;51;MT;5106216;Nova Canaã do Norte;5953,1;5953,1;100;-10,637;-55,7089;true
CENTRO-OESTE;Mato Grosso;51;MT;5106224;Nova Mutum;9546,51;9546,51;100;-13,8167;-56,0878;true
CENTRO-OESTE;Mato Grosso;51;MT;5106232;Nova Olímpia;1327,27;1327,27;100;-14,7832;-57,2905;true
CENTRO-OESTE;Mato Grosso;51;MT;5106240;Nova Ubiratã;12845,88;12845,88;100;-13,0335;-55,2533;true
CENTRO-OESTE;Mato Grosso;51;MT;5106257;Nova Xavantina;5652,03;5652,03;100;-14,6755;-52,353;true
CENTRO-OESTE;Mato Grosso;51;MT;5106265;Novo Mundo;5800,76;5800,76;100;-9,9741;-55,1708;true
CENTRO-OESTE;Mato Grosso;51;MT;5106273;Novo Horizonte do Norte;920,05;920,05;100;-11,3892;-57,3169;true
CENTRO-OESTE;Mato Grosso;51;MT;5106281;Novo São Joaquim;5078,29;5078,29;100;-14,9143;-53,0236;true
CENTRO-OESTE;Mato Grosso;51;MT;5106299;Paranaíta;4813,56;4813,56;100;-9,6655;-56,4758;true
CENTRO-OESTE;Mato Grosso;51;MT;5106307;Paranatinga;23781,49;23781,49;100;-14,4255;-54,0532;true
CENTRO-OESTE;Mato Grosso;51;MT;5106315;Novo Santo Antônio;4394,78;4394,78;100;-12,2925;-50,966;true
CENTRO-OESTE;Mato Grosso;51;MT;5106372;Pedra Preta;3786,5;3786,5;100;-16,6225;-54,4768;true
CENTRO-OESTE;Mato Grosso;51;MT;5106422;Peixoto de Azevedo;14432,93;14432,93;100;-10,2453;-54,992;true
CENTRO-OESTE;Mato Grosso;51;MT;5106455;Planalto da Serra;2437,59;2437,59;100;-14,6638;-54,7751;true
CENTRO-OESTE;Mato Grosso;51;MT;5106505;Poconé;17156,76;17156,76;100;-16,2658;-56,6262;true
CENTRO-OESTE;Mato Grosso;51;MT;5106653;Pontal do Araguaia;2742,48;2742,48;100;-15,905;-52,2565;true
CENTRO-OESTE;Mato Grosso;51;MT;5106703;Ponte Branca;701,14;701,14;100;-16,7659;-52,8359;true
CENTRO-OESTE;Mato Grosso;51;MT;5106752;Pontes e Lacerda;8545,29;8545,29;100;-15,2259;-59,3407;true
CENTRO-OESTE;Mato Grosso;51;MT;5106778;Porto Alegre do Norte;3971,72;3971,72;100;-10,8798;-51,6395;true
CENTRO-OESTE;Mato Grosso;51;MT;5106802;Porto dos Gaúchos;6846,67;6846,67;100;-11,5332;-57,4136;true
CENTRO-OESTE;Mato Grosso;51;MT;5106828;Porto Esperidião;5832,08;5832,08;100;-15,8549;-58,4671;true
CENTRO-OESTE;Mato Grosso;51;MT;5106851;Porto Estrela;2045,47;2045,47;100;-15,3321;-57,202;true
CENTRO-OESTE;Mato Grosso;51;MT;5107008;Poxoréu;6833,01;6833,01;100;-15,8271;-54,396;true
CENTRO-OESTE;Mato Grosso;51;MT;5107040;Primavera do Leste;5549,92;5549,92;100;-15,5554;-54,3002;true
CENTRO-OESTE;Mato Grosso;51;MT;5107065;Querência;17799,99;17799,99;100;-12,5957;-52,2074;true
CENTRO-OESTE;Mato Grosso;51;MT;5107107;São José dos Quatro Marcos;1282,76;1282,76;100;-15,6253;-58,1781;true
CENTRO-OESTE;Mato Grosso;51;MT;5107156;Reserva do Cabaçal;1331,68;1331,68;100;-15,1233;-58,3819;true
CENTRO-OESTE;Mato Grosso;51;MT;5107180;Ribeirão Cascalheira;11354,56;11354,56;100;-12,9448;-51,8271;true
CENTRO-OESTE;Mato Grosso;51;MT;5107198;Ribeirãozinho;625;625;100;-16,4913;-52,6928;true
CENTRO-OESTE;Mato Grosso;51;MT;5107206;Rio Branco;539,29;539,29;100;-15,2378;-58,1075;true
CENTRO-OESTE;Mato Grosso;51;MT;5107248;Santa Carmem;3812,09;3812,09;100;-11,9749;-55,2771;true
CENTRO-OESTE;Mato Grosso;51;MT;5107263;Santo Afonso;1166,38;1166,38;100;-14,4953;-57,0014;true
CENTRO-OESTE;Mato Grosso;51;MT;5107297;São José do Povo;584,37;584,37;100;-16,4653;-54,2539;true
CENTRO-OESTE;Mato Grosso;51;MT;5107305;São José do Rio Claro;4525,3;4525,3;100;-13,4443;-56,7221;true
CENTRO-OESTE;Mato Grosso;51;MT;5107354;São José do Xingu;7465,56;7465,56;100;-10,804;-52,7382;true
CENTRO-OESTE;Mato Grosso;51;MT;5107404;São Pedro da Cipa;344,33;344,33;100;-16,0014;-54,9181;true
CENTRO-OESTE;Mato Grosso;51;MT;5107578;Rondolândia;12658,34;12658,34;100;-10,8444;-61,4597;true
CENTRO-OESTE;Mato Grosso;51;MT;5107602;Rondonópolis;4800,91;4800,91;100;-16,4751;-54,6221;true
CENTRO-OESTE;Mato Grosso;51;MT;5107701;Rosário Oeste;7051,99;7051,99;100;-14,8379;-56,4334;true
CENTRO-OESTE;Mato Grosso;51;MT;5107743;Santa Cruz do Xingu;5623,39;5623,39;100;-10,1534;-52,3921;true
CENTRO-OESTE;Mato Grosso;51;MT;5107750;Salto do Céu;1753,38;1753,38;100;-15,1309;-58,1349;true
CENTRO-OESTE;Mato Grosso;51;MT;5107768;Santa Rita do Trivelato;4750,92;4750,92;100;-13,8162;-55,2752;true
CENTRO-OESTE;Mato Grosso;51;MT;5107776;Santa Terezinha;6466,22;6466,22;100;-10,468;-50,5087;true
CENTRO-OESTE;Mato Grosso;51;MT;5107792;Santo Antônio do Leste;3517,65;3517,65;100;-14,8037;-53,6098;true
CENTRO-OESTE;Mato Grosso;51;MT;5107800;Santo Antônio do Leverger;9469,14;9469,14;100;-15,8635;-56,0785;true
CENTRO-OESTE;Mato Grosso;51;MT;5107859;São Félix do Araguaia;16682,47;16682,47;100;-11,6168;-50,6623;true
CENTRO-OESTE;Mato Grosso;51;MT;5107875;Sapezal;13615,75;13615,75;100;-13,5475;-58,8169;true
CENTRO-OESTE;Mato Grosso;51;MT;5107883;Serra Nova Dourada;1490,79;1490,79;100;-12,0885;-51,4027;true
CENTRO-OESTE;Mato Grosso;51;MT;5107909;Sinop;3990,87;3990,87;100;-11,8565;-55,5112;true
CENTRO-OESTE;Mato Grosso;51;MT;5107925;Sorriso;9346,87;9346,87;100;-12,5453;-55,7275;true
CENTRO-OESTE;Mato Grosso;51;MT;5107941;Tabaporã;8442,93;8442,93;100;-11,3069;-56,8223;true
CENTRO-OESTE;Mato Grosso;51;MT;5107958;Tangará da Serra;11636,98;11636,98;100;-14,6196;-57,4883;true
CENTRO-OESTE;Mato Grosso;51;MT;5108006;Tapurah;4492,54;4492,54;100;-12,7422;-56,5135;true
CENTRO-OESTE;Mato Grosso;51;MT;5108055;Terra Nova do Norte;2399,74;2399,74;100;-10,6001;-55,1137;true
CENTRO-OESTE;Mato Grosso;51;MT;5108105;Tesouro;4281,97;4281,97;100;-16,0797;-53,5523;true
CENTRO-OESTE;Mato Grosso;51;MT;5108204;Torixoréu;2398,38;2398,38;100;-16,2003;-52,555;true
CENTRO-OESTE;Mato Grosso;51;MT;5108303;União do Sul;4590,63;4590,63;100;-11,531;-54,3686;true
CENTRO-OESTE;Mato Grosso;51;MT;5108352;Vale de São Domingos;1901,55;1901,55;100;-15,2971;-59,0655;true
CENTRO-OESTE;Mato Grosso;51;MT;5108402;Várzea Grande;724,28;724,28;100;-15,6631;-56,1425;true
CENTRO-OESTE;Mato Grosso;51;MT;5108501;Vera;3005,12;3005,12;100;-12,2953;-55,2946;true
CENTRO-OESTE;Mato Grosso;51;MT;5108600;Vila Rica;7436,38;7436,38;100;-10,0137;-51,1142;true
CENTRO-OESTE;Mato Grosso;51;MT;5108808;Nova Guarita;1121,93;1121,93;100;-10,3095;-55,4036;true
CENTRO-OESTE;Mato Grosso;51;MT;5108857;Nova Marilândia;1905,74;1905,74;100;-14,3645;-56,9706;true
CENTRO-OESTE;Mato Grosso;51;MT;5108907;Nova Maringá;11553,48;11553,48;100;-13,0353;-57,0914;true
CENTRO-OESTE;Mato Grosso;51;MT;5108956;Nova Monte Verde;5139,31;5139,31;100;-9,9797;-57,4674;true
